Name,Team,Age,Main_role,Secondary_role,third_role,Apps,Mins,Goals,Assists,Yel,Red,SpG,PS%,AerialsWon,MotM,Rating
Carles Gil,New England, 28, AM(CR),,,8,720,1,3,-,-,2,80.5,0.3,4,8.05
Nani,Orlando City, 34, M(CLR),FW,,5,430,3,-,1,-,3,76.4,1,4,7.83
Randall Leal,Nashville SC, 24, AM(LR),,,7,599,2,2,-,-,3.1,80.3,1,2,7.69
João Paulo,Seattle, 30, M(C),,,7(1),630,1,3,2,-,0.5,80.2,0.3,1,7.63
Joshua Atencio,Seattle, 19, Midfielder,,,2,180,-,-,-,-,1,74.1,-,-,7.53
Jamiro Monteiro,Philadelphia, 27, M(C),,,8,715,1,3,3,-,1.1,84,0.1,1,7.50
Lucas Zelarayán,Columbus, 28, AM(C),,,6,539,3,-,-,-,2.2,77.2,-,2,7.50
Damir Kreilach,Salt Lake, 32, M(C),FW,,6,540,3,3,1,-,1.7,81.3,3.7,-,7.48
Jesús Medina,New York City FC, 24, AM(CR),FW,,7,630,5,-,1,-,2.9,76.9,0.3,2,7.44
Jonathan Bond,L.A. Galaxy, 28, GK,,,7,630,-,-,-,-,-,75.6,0.1,1,7.44
Valentín Castellanos,New York City FC, 22, AM(R),FW,,7,630,4,2,2,-,4.3,71.8,2,1,7.44
Cristian Cásseres Jr,New York, 21, M(C),,,7,612,3,-,1,-,1.3,70,1.6,2,7.43
Emanuel Reynoso,Minnesota United, 25, AM(CL),,,6,493,1,-,1,-,4,73,0.7,2,7.43
Rubio Rubín,Salt Lake, 25, AM(C),FW,,6,498,4,2,-,-,2.3,82.8,1,1,7.41
Milton Valenzuela,Columbus, 22, D(L),,,1,90,-,-,-,-,-,81.4,2,-,7.41
Jack Price,Colorado, 28, DMC,,,7,604,-,3,2,-,0.3,86.8,0.4,1,7.39
Ilie Sánchez,Kansas City, 30, D(C),DMC,,6,540,1,-,2,-,0.5,86.7,2.8,-,7.38
Cristian Roldan,Seattle, 26, M(CR),,,8,720,1,1,1,-,1.6,80,2.6,1,7.38
Przemyslaw Tyton,FC Cincinnati, 34, GK,,,2,180,-,-,-,-,-,54.2,1,-,7.38
Alex Roldan,Seattle, 24, D(R),M(LR),,8,720,-,2,2,-,0.5,78,0.8,1,7.37
Mason Toye,Montreal, 22, FW,,,2(1),149,3,-,-,-,1.7,83.3,0.7,-,7.36
Eduard Atuesta,Los Angeles FC, 23, DMC,,,7,627,1,-,1,-,2.3,82.3,0.7,2,7.36
Gianluca Busio,Kansas City, 19, M(C),,,8,702,2,1,-,-,2,87.9,0.9,1,7.35
Chicharito,L.A. Galaxy, 33, FW,,,7,614,7,1,1,-,2.6,77.8,0.3,2,7.33
Eryk Williamson,Portland, 23, DMC,,,5(2),492,1,2,-,-,0.4,87.9,0.6,1,7.33
Daniel Lovitz,Nashville SC, 29, D(L),M(L),,7,623,-,1,2,-,0.7,73.5,1.3,1,7.31
Adam Buksa,New England, 24, FW,,,6(2),547,4,-,1,-,3.6,76,5.1,1,7.31
Marcelino Moreno,Atlanta United, 26, AM(CLR),,,7,570,3,-,2,-,2.1,86.3,0.9,1,7.31
Russell Canouse,DC United, 25, D(CR),DMC,,4,360,1,1,1,-,1.3,76.3,2.5,1,7.31
Jack Elliott,Philadelphia, 25, D(C),,,8,720,1,-,1,-,1.4,78.4,3,1,7.27
Diego Rubio,Colorado, 28, AM(C),FW,,7,620,2,1,2,-,2.9,71.7,2.4,2,7.27
Brandon Bye,New England, 25, D(LR),,,7(1),656,1,1,2,-,1.5,72,3.5,1,7.23
Andre Blake,Philadelphia, 30, GK,,,8,720,-,-,1,-,-,51.6,0.5,2,7.23
Yeimar Gómez,Seattle, 28, D(C),,,6(2),569,-,-,1,-,0.6,77.9,2.3,-,7.23
Alan Pulido,Kansas City, 30, FW,,,6(2),587,5,1,-,-,3.8,81.9,0.8,2,7.23
Lucas Cavallini,Vancouver, 28, FW,,,7,630,1,1,3,-,2,68.7,5.3,-,7.21
Julian Araujo,L.A. Galaxy, 19, D(R),M(R),,6,540,-,1,2,-,0.3,77.9,2.2,2,7.21
Xavier Arreaga,Seattle, 26, D(C),,,6(1),536,1,-,4,-,0.4,85,1.7,-,7.20
Kyle Duncan,New York, 23, D(LR),,,6(1),585,-,-,-,-,0.4,72.7,3,1,7.19
Andrew Brody,Salt Lake, 26, Defender,,,4(1),412,-,1,-,-,0.6,82.3,-,-,7.18
Raúl Ruidíaz,Seattle, 30, FW,,,8,720,6,-,1,-,4.3,83.2,0.6,2,7.18
Nouhou Tolo,Seattle, 23, D(CL),,,8,720,-,-,2,-,0.1,83.1,1.3,-,7.18
Logan Ketterer,Portland, 27, Goalkeeper,,,3,270,-,-,-,-,-,66.7,-,-,7.16
Alejandro Bedoya,Philadelphia, 34, M(CR),FW,,8,702,-,-,2,-,1.6,72.1,2.9,-,7.16
Kai Wagner,Philadelphia, 24, D(L),,,7(1),659,-,2,1,-,1,83,1.4,-,7.15
Perry Kitchen,Columbus, 29, DMC,,,1,90,-,-,1,-,-,88.6,2,-,7.14
Graham Zusi,Kansas City, 34, D(R),M(CLR),,3,219,-,-,1,-,0.7,91.1,0.7,-,7.13
Tyler Miller,Minnesota United, 28, GK,,,3,270,-,-,-,-,-,50,0.7,-,7.12
Aaron Long,New York, 28, D(C),,,5,450,-,-,1,-,1,75.4,6.6,-,7.12
Brad Stuver,Austin FC, 30, GK,,,7,630,-,-,-,-,-,78.7,0.4,-,7.11
Michael Barrios,Colorado, 30, AM(LR),FW,,7,528,2,2,1,-,2.9,83.6,-,-,7.11
Kyle Smith,Orlando City, 29, D(LR),,,7,630,-,-,2,-,0.7,81.1,1.6,-,7.09
Bakaye Dibassy,Minnesota United, 31, D(CL),,,1,90,-,-,-,-,1,88.9,3,-,7.09
Walker Zimmerman,Nashville SC, 28, D(C),,,7,630,-,1,1,-,0.6,82.5,3.1,1,7.09
Bill Tuiloma,Portland, 26, D(C),,,4(2),441,1,-,1,-,1,79,2.3,1,7.08
Cristian Dájome,Vancouver, 27, AM(R),FW,,7,594,3,-,-,-,1.7,78.5,0.4,1,7.08
Sebastian Lletget,L.A. Galaxy, 28, M(CLR),,,4,307,1,1,-,-,1.3,89.6,0.5,-,7.07
Bill Hamid,DC United, 30, GK,,,1,90,-,-,-,-,-,25,-,-,7.07
Luciano Acosta,FC Cincinnati, 27, AM(CL),FW,,4,360,1,1,-,-,1.5,77.7,-,-,7.07
Danny Wilson,Colorado, 29, D(C),DMC,,7,630,1,-,1,-,1.1,82.5,2.6,-,7.07
Donovan Pines,DC United, 23, D(C),,,1(1),102,-,-,-,-,0.5,86.8,2,-,7.07
Nicolas Isimat-Mirin,Kansas City, 29, D(C),,,2,153,-,-,1,-,-,80.9,3,-,7.07
Andrew Gutman,New York, 24, D(L),M(L),,4,354,1,-,1,-,0.5,61.7,1.3,-,7.06
Caden Clark,New York, 18, AM(C),,,7,559,4,-,1,-,1.3,73.8,0.3,-,7.05
Rodrigo Schlegel,Orlando City, 24, D(C),,,6,540,-,-,-,-,0.3,87.4,0.8,-,7.05
Jhegson Méndez,Orlando City, 24, DMC,,,7,603,-,-,3,-,0.9,90.6,1,-,7.04
Cristián Gutiérrez,Vancouver, 24, D(L),,,6,540,-,2,1,-,-,84.4,0.3,2,7.03
Kacper Przybylko,Philadelphia, 28, FW,,,6(2),590,3,2,1,-,1.5,65.5,2.9,-,7.02
Robin Lod,Minnesota United, 28, AM(CLR),FW,,6,533,2,2,-,-,3.7,84,0.5,1,7.02
Anton Tinnerholm,New York City FC, 30, D(LR),M(R),,4(1),361,-,3,1,-,1.4,76.2,0.2,-,7.02
Cecilio Domínguez,Austin FC, 26, AM(L),,,7,568,2,-,-,-,2.1,82.9,0.1,1,7.02
Julian Gressel,DC United, 27, D(R),M(CR),,6(2),656,-,1,2,-,1.3,66.2,0.8,-,7.01
Fafà Picault,Houston, 30, AM(LR),FW,,7(1),620,1,1,3,-,1.3,68.6,2.4,-,7.00
Tomás Pochettino,Austin FC, 25, M(CLR),,,6,503,-,-,-,-,2.3,76.6,0.8,-,7.00
Jesús David Murillo,Los Angeles FC, 27, D(C),,,7,630,-,-,2,-,0.3,76.7,2.6,-,7.00
Alexander Ring,Austin FC, 30, D(C),M(CLR),,6,517,-,-,-,1,1.2,83.8,0.7,-,7.00
Cory Burke,Philadelphia, 29, FW,,,4(3),394,2,1,-,-,1.4,58.6,4.1,1,7.00
Joel Waterman,Montreal, 25, D(C),,,3,258,-,1,-,-,-,93.2,0.3,-,6.99
Dániel Sallói,Kansas City, 24, AM(L),FW,,6(2),611,3,2,-,-,2.9,74.3,0.4,1,6.99
Júnior Urso,Orlando City, 32, M(CR),,,7,603,1,-,-,-,1.4,84.8,1.7,-,6.99
Luka Stojanovic,Chicago, 27, AM(C),,,5(1),395,3,-,-,-,2,77,0.5,-,6.99
Jackson Yueill,San Jose, 24, DMC,,,7,630,2,-,-,-,1.1,88.1,0.1,-,6.98
Boris Sekulic,Chicago, 29, D(R),,,7,630,-,2,3,-,0.4,76.4,2.1,-,6.98
Antônio Carlos,Orlando City, 28, D(C),,,7,630,-,-,1,-,0.6,87.8,1.6,1,6.98
Álvaro Medrán,Chicago, 27, M(C),,,6(1),545,-,-,1,-,1.7,78,0.6,1,6.98
Bryan Acosta,FC Dallas, 27, DMC,,,7,630,-,1,2,-,1.9,88,1.4,1,6.98
Andrés Ricaurte,FC Dallas, 29, M(C),,,6(1),538,1,-,3,-,1.1,80.3,0.7,1,6.97
Cade Cowell,San Jose, 17, FW,,,8,629,2,3,-,-,2.4,68.5,0.8,2,6.97
Francisco Calvo,Chicago, 28, D(CL),,,7,630,-,-,1,-,1,73.7,3.6,1,6.97
Waylon Francis,Columbus, 30, D(L),M(L),,5,361,-,-,2,-,-,82,1.2,-,6.96
Gustavo Bou,New England, 31, AM(C),FW,,5(1),452,2,1,-,-,1.3,69.9,0.2,-,6.96
Pedro Santos,Columbus, 33, AM(CLR),,,6,538,-,2,1,-,1.5,75.2,1,1,6.96
Auston Trusty,Colorado, 22, D(C),,,7,630,-,-,-,-,0.3,84.8,2.1,1,6.96
Niko Hansen,Minnesota United, 26, AM(R),,,0(1),25,1,-,-,-,1,58.3,-,-,6.95
Geoff Cameron,FC Cincinnati, 35, D(CLR),DMC,,3,266,-,1,1,-,0.7,77.9,1.3,1,6.95
Victor Wanyama,Montreal, 29, DMC,,,7,630,1,-,4,-,1.3,86.9,1.1,-,6.93
Ronald Matarrita,FC Cincinnati, 26, D(L),M(L),,6,540,-,3,1,-,1,79.8,0.5,-,6.93
Leon Flach,Philadelphia, 20, M(C),,,7(1),647,-,-,1,-,0.6,75.3,0.4,-,6.92
Stefan Frei,Seattle, 35, GK,,,5,450,-,-,1,-,-,65.4,0.2,-,6.92
Everton Luiz,Salt Lake, 33, DMC,,,1,70,-,-,1,-,-,90.9,-,-,6.92
Anderson Julio,Salt Lake, 25, Forward,,,5,359,2,-,-,-,1.6,60.4,1.4,1,6.92
Gonzalo Higuaín,Inter Miami CF, 33, FW,,,7,630,4,1,1,-,3.3,75.2,0.4,1,6.91
Frankie Amaya,New York, 20, M(C),,,5(1),267,1,1,1,-,0.3,73.9,0.3,-,6.91
Olivier Mbaizo,Philadelphia, 23, D(R),,,8,709,-,-,1,-,0.1,71.6,1.1,-,6.90
Adrien Pérez,DC United, 25, Forward,,,5(3),456,-,2,-,-,2.1,67.1,1.3,1,6.90
Marcelo Silva,Salt Lake, 32, D(C),,,4,360,-,-,-,-,-,91.1,1.5,-,6.90
Diego Rossi,Los Angeles FC, 23, AM(LR),FW,,5,450,3,-,-,-,2.4,85,0.4,1,6.90
Zachary Brault-Guillard,Montreal, 22, D(R),M(R),,5,410,1,1,1,-,0.4,82.2,0.6,1,6.90
José Antonio Martínez,FC Dallas, 28, D(C),,,7,593,-,-,-,-,0.4,86.1,2,-,6.90
Khiry Shelton,Kansas City, 27, AM(LR),FW,,7(1),619,-,2,-,-,1.3,73.9,2,-,6.90
Lewis Morgan,Inter Miami CF, 24, AM(R),,,8,692,1,1,-,-,1.3,74.5,0.4,1,6.90
Christian Mafla,New England, 28, Defender,,,1,54,-,-,-,-,-,82.8,1,-,6.89
Djordje Mihailovic,Montreal, 22, M(CL),,,8,627,2,1,2,-,1.8,79.7,0.4,1,6.89
Cristhian Paredes,Portland, 23, DMC,,,1(1),109,1,-,-,-,1,72.7,1.5,-,6.89
Déiber Caicedo,Vancouver, 21, Forward,,,7,610,1,1,1,-,1.4,87.4,0.3,-,6.88
Gadi Kinda,Kansas City, 27, M(C),,,6(2),514,3,1,1,-,1.6,80.9,-,-,6.88
Miles Robinson,Atlanta United, 24, D(C),,,6(1),585,-,1,-,-,0.7,86.4,2.6,-,6.88
Maximiliano Urruti,Houston, 30, AM(C),FW,,7(1),605,4,1,1,-,2.8,67.7,-,-,6.87
Samuel Piette,Montreal, 26, M(C),,,4(1),385,-,1,1,-,0.2,87.8,1,-,6.87
Paul Arriola,DC United, 26, D(R),M(CR),,3(1),250,1,1,1,-,2.5,65.2,-,-,6.87
Aaron Herrera,Salt Lake, 23, D(LR),,,4,300,-,2,1,-,0.8,80.7,0.5,1,6.87
Hassani Dotson,Minnesota United, 23, D(R),M(C),,6(1),556,1,-,-,-,2,75.8,1.6,-,6.87
Pedro Gallese,Orlando City, 31, GK,,,7,630,-,-,-,-,-,70.2,0.1,1,6.86
Michael Bradley,Toronto, 33, D(C),M(C),,7,630,1,-,2,-,1.3,85.4,0.3,1,6.86
James Pantemis,Montreal, 24, Goalkeeper,,,1,90,-,-,-,-,-,90,-,-,6.86
Brooks Lennon,Atlanta United, 23, D(R),M(R),,7,586,-,-,-,-,0.6,88.1,0.6,-,6.86
Hany Mukhtar,Nashville SC, 26, AM(C),,,4(2),402,3,-,-,-,2.3,86,0.2,1,6.86
Pablo Ruiz,Salt Lake, 22, DMC,,,6,528,-,-,2,-,1.5,85.2,0.2,-,6.86
Jaylin Lindsey,Kansas City, 21, D(LR),,,5(2),502,1,-,1,-,0.3,80.1,1.6,-,6.86
Jakob Glesnes,Philadelphia, 27, D(C),,,8,720,1,-,2,-,0.9,75.3,2.3,-,6.85
Cole Bassett,Colorado, 19, M(C),,,5(2),511,2,1,1,-,1.3,77,1.9,-,6.85
Sean Davis,New York, 28, M(CR),,,7,630,-,-,2,-,-,79.5,0.9,-,6.85
Kellyn Acosta,Colorado, 25, D(LR),M(C),,6,540,1,-,1,-,1.2,81.7,0.2,-,6.85
Stefan Cleveland,Seattle, 27, GK,,,3,270,-,-,-,-,-,74.7,0.7,-,6.84
Brad Smith,Seattle, 27, D(L),M(L),,7(1),583,3,1,-,-,1.9,66.8,0.8,-,6.84
Maxime Chanot,New York City FC, 31, D(C),,,6,513,-,-,1,-,0.2,82.4,2.8,-,6.84
Eric Remedi,San Jose, 25, DMC,,,8,720,-,-,4,-,0.6,86.7,0.3,-,6.84
Dave Romney,Nashville SC, 27, D(CLR),,,7,630,-,-,-,-,0.6,89.9,2.7,-,6.84
George Bello,Atlanta United, 19, D(L),M(L),,6(1),605,-,1,-,-,0.7,89.2,0.9,-,6.84
Daniel Steres,L.A. Galaxy, 30, D(C),,,7,630,-,1,-,-,0.6,88.2,2.4,-,6.84
Andy Najar,DC United, 28, D(R),M(R),,4(2),356,-,-,-,-,0.3,80.5,1.5,-,6.84
Jimmy Maurer,FC Dallas, 32, GK,,,4,331,-,-,-,-,-,95.1,-,-,6.84
Tajon Buchanan,New England, 22, D(R),M(R),,6(2),478,1,1,1,-,2.1,75.3,0.6,-,6.83
Phelipe,FC Dallas, 22, GK,,,3(1),299,-,1,-,-,-,75,0.3,-,6.83
Cristian Espinoza,San Jose, 26, AM(R),,,8,659,1,2,1,-,2.3,83.6,0.4,-,6.82
Maximiliano Moralez,New York City FC, 34, AM(CLR),FW,,4(1),359,-,1,1,-,2,79.9,0.2,-,6.82
James Sands,New York City FC, 20, D(C),DMC,,7,612,-,-,1,-,0.1,89.9,1.6,-,6.81
Aníbal Godoy,Nashville SC, 31, DMC,,,7,605,-,-,3,-,0.9,92.3,0.7,-,6.81
Matt Turner,New England, 26, GK,,,8,720,-,-,-,-,-,61.3,0.3,-,6.81
Ezequiel Barco,Atlanta United, 22, AM(CL),FW,,2(2),255,1,-,1,-,1.3,82.4,-,1,6.81
Matt Besler,Austin FC, 34, D(C),,,6,540,-,-,-,-,-,88.9,1.3,-,6.81
Dax McCarty,Nashville SC, 34, DMC,,,7,616,-,-,1,-,0.4,85,0.3,-,6.80
Matt Polster,New England, 27, D(R),DMC,,7(1),627,-,-,1,-,0.6,87.7,1.8,-,6.80
Andreu Fontàs,Kansas City, 31, D(C),DMC,,7,630,-,-,-,-,0.4,88.7,1.1,-,6.79
Mauricio Pereyra,Orlando City, 31, M(CLR),,,5,343,1,1,1,-,0.6,78.6,-,-,6.79
Tyler Pasher,Houston, 27, Forward,,,3(1),256,1,1,-,-,1,68.3,0.5,-,6.79
Alexandre Pato,Orlando City, 31, M(CLR),FW,,1,80,-,-,-,-,1,41.7,1,-,6.79
Ismael Tajouri-Shradi,New York City FC, 27, AM(LR),,,3(4),317,2,-,-,-,2,75.4,0.1,1,6.79
Jimmy Medranda,Seattle, 27, D(L),M(CLR),,0(2),35,-,1,-,-,0.5,89.3,-,-,6.79
Henry Kessler,New England, 22, D(C),,,5(1),451,-,-,1,-,0.5,85.8,2.7,-,6.78
Bressan,FC Dallas, 28, D(CR),,,6(1),566,1,-,3,-,1,88.5,1.7,-,6.78
Keegan Rosenberry,Colorado, 27, D(R),,,7,630,1,-,1,-,0.4,87.2,1,-,6.78
Júnior Moreno,DC United, 27, DMC,,,7,530,-,1,1,-,0.4,79.1,0.4,-,6.78
Corey Baird,Los Angeles FC, 25, AM(LR),FW,,7,512,3,2,-,-,1.7,67.2,0.6,-,6.78
Romain Métanire,Minnesota United, 31, D(R),,,7,606,-,-,-,-,1,80.1,0.7,-,6.78
Romell Quioto,Montreal, 29, AM(L),FW,,7,522,1,3,2,-,2.1,81.1,0.1,-,6.77
Keaton Parks,New York City FC, 23, DMC,,,7,563,-,-,-,-,0.6,87.3,1,-,6.77
Maxime Crépeau,Vancouver, 27, GK,,,7,630,-,-,-,-,-,67.7,0.1,-,6.77
Santiago Sosa,Atlanta United, 22, DMC,,,7,630,-,-,2,-,0.1,89.7,1.3,-,6.77
Jonathan Mensah,Columbus, 30, D(CR),,,5(1),467,-,-,1,-,1.2,85.8,3,-,6.77
Alistair Johnston,Nashville SC, 22, D(R),,,7,630,-,-,1,-,0.1,81.1,0.9,-,6.76
Sam Vines,Colorado, 22, D(L),,,5,450,1,-,1,-,0.2,84.8,1,-,6.76
Mark-Anthony Kaye,Los Angeles FC, 26, M(C),,,7,601,-,-,-,-,1,81.9,1.4,-,6.76
Anton Walkes,Atlanta United, 24, D(CLR),,,6(1),585,-,-,-,-,0.4,90.1,1.4,-,6.76
Leandro González Pirez,Inter Miami CF, 29, D(C),,,7,586,-,-,5,-,0.9,81.7,2,-,6.76
Kelyn Rowe,Seattle, 29, D(L),M(CLR),,6(2),488,-,-,-,-,0.9,77.3,1.1,1,6.76
Gustavo Vallecilla,FC Cincinnati, 22, Defender,,,3,258,1,-,1,-,0.7,72.1,1.7,-,6.76
Robin Jansson,Orlando City, 29, D(C),,,2(1),219,-,-,1,-,-,83.2,0.7,-,6.76
Gudmundur Thórarinsson,New York City FC, 29, D(L),DMC,M(L),6,449,1,-,1,-,0.8,85.1,0.5,-,6.76
Ranko Veselinovic,Vancouver, 22, D(C),,,6,530,-,-,2,-,0.8,82.6,1.5,-,6.75
Marvin Loría,Portland, 24, AM(LR),,,5(2),444,1,-,1,-,1.7,89.1,0.9,-,6.75
Tim Melia,Kansas City, 35, GK,,,3,270,-,-,-,-,-,80.8,-,-,6.75
Víctor Vázquez,L.A. Galaxy, 34, AM(CL),,,3(1),240,-,1,-,-,0.5,87.1,0.3,-,6.75
Jhohan Romaña,Austin FC, 22, D(C),,,6,484,-,-,2,-,-,91.6,1.8,-,6.75
Gregore,Inter Miami CF, 27, DMC,,,8,720,-,2,3,-,0.4,81.2,1.1,-,6.75
Ryan Hollingshead,FC Dallas, 30, D(LR),M(LR),,7,630,1,1,2,-,0.9,73.6,1.6,-,6.74
Tesho Akindele,Orlando City, 29, AM(CLR),FW,,7,538,2,2,1,-,1.6,80.5,1.3,-,6.74
DeJuan Jones,New England, 23, D(LR),,,7,604,-,1,1,1,0.6,76.1,1.6,-,6.74
Ola Kamara,DC United, 31, AM(L),FW,,1(4),178,3,-,-,-,1,79.2,1,1,6.74
Paul Marie,San Jose, 26, D(LR),,,4(2),337,1,-,1,-,0.5,79.4,0.8,-,6.74
Jonathan Bell,New England, 23, Defender,,,3(1),283,-,-,1,-,0.5,74.4,3.5,-,6.74
William Yarbrough,Colorado, 32, GK,,,7,630,-,-,1,-,-,59.6,0.1,-,6.74
Freddy Vargas,FC Dallas, 22, Forward,,,6,414,-,-,-,-,1.8,70.9,0.3,-,6.73
Bradley Guzan,Atlanta United, 36, GK,,,7,630,-,-,-,-,-,74,0.3,-,6.73
Darlington Nagbe,Columbus, 30, M(CLR),,,6,496,-,-,-,-,0.3,96.6,0.7,-,6.73
Jhonder Cádiz,Nashville SC, 25, FW,,,5(2),380,2,1,-,-,2.4,69.3,2.9,-,6.73
Gastón Giménez,Chicago, 29, D(C),DMC,,6,496,-,-,1,-,1.5,82.9,1.2,-,6.73
Oswaldo Alanís,San Jose, 32, D(C),,,4,360,1,-,-,-,1.3,88,1.5,-,6.72
Diego Valeri,Portland, 35, AM(CLR),FW,,4(3),413,1,1,1,-,1.7,81.9,0.7,-,6.72
Eloy Room,Columbus, 32, GK,,,7,630,-,-,-,-,-,70.8,-,-,6.72
Omar González,Toronto, 32, D(C),,,6,531,-,1,2,-,0.7,81,4,-,6.72
Pablo Bonilla,Portland, 21, D(R),,,3(1),255,-,1,-,-,0.8,66.7,0.8,-,6.72
Nicolás Figal,Inter Miami CF, 27, D(CR),,,3(1),315,-,1,2,-,1,81.7,1,1,6.72
Alexander Callens,New York City FC, 29, D(C),,,6,444,-,-,-,-,0.3,83,1.3,-,6.71
Nick Lima,Austin FC, 26, D(LR),,,6(1),592,-,-,1,-,1.1,84,1.1,-,6.71
Joe Corona,Houston, 30, DMC,,,7(1),602,-,1,3,-,0.9,81.8,0.6,1,6.71
Jáder Obrian,FC Dallas, 26, Forward,,,7,590,2,-,1,-,1.7,72.2,0.7,-,6.71
Latif Blessing,Los Angeles FC, 24, D(R),M(CLR),FW,5(2),474,-,1,1,-,0.9,82.6,1,-,6.71
Adam Lundqvist,Houston, 27, D(LR),,,8,709,-,1,-,-,0.1,71.1,1,-,6.71
Memo Rodríguez,Houston, 25, AM(CLR),,,8,586,2,1,1,-,2.5,70.3,0.5,1,6.71
Kwadwo Opoku,Los Angeles FC, 19, Forward,,,2(2),250,-,1,-,-,1.3,88.9,0.5,1,6.71
Zan Kolmanic,Austin FC, 21, D(L),,,5(2),517,-,-,-,-,0.3,82.4,0.4,-,6.70
Kevin Paredes,DC United, 18, M(L),,,1(2),118,-,-,1,-,1.7,72.6,-,-,6.70
Jake Mulraney,Atlanta United, 25, M(LR),,,5(2),412,-,1,2,-,1.7,87.3,0.3,-,6.70
Yeferson Soteldo,Toronto, 23, AM(L),,,3(1),257,-,-,1,-,2,78.9,0.5,-,6.70
Federico Higuaín,Inter Miami CF, 36, AM(C),,,2(5),286,1,2,1,-,0.7,81.4,-,-,6.70
Diego Palacios,Los Angeles FC, 21, D(L),,,6(1),502,-,-,-,-,0.4,84.7,0.6,-,6.70
Will Bruin,Seattle, 31, FW,,,6(1),458,-,1,-,-,0.6,53.2,2.4,-,6.69
Javier López,San Jose, 26, AM(C),,,7(1),494,2,-,3,-,1.3,85.1,0.4,-,6.69
Diego Chará,Portland, 35, DMC,,,3,270,-,-,-,-,-,88.9,0.7,-,6.69
Carlos Coronel,New York, 24, GK,,,7,630,-,-,-,-,-,53.3,0.3,-,6.69
Clément Diop,Montreal, 27, GK,,,7,630,-,-,-,-,-,79.3,0.3,-,6.69
Sean Nealis,New York, 24, D(C),,,7,586,-,-,1,-,0.6,72.2,2.4,-,6.69
Brent Kallman,Minnesota United, 30, D(C),,,2(1),180,-,-,-,-,0.7,78.8,3.3,-,6.69
Eddie Segura,Los Angeles FC, 24, D(C),,,7,610,-,-,-,-,0.9,81.7,1.6,-,6.69
Julio Cascante,Austin FC, 27, D(C),,,2(2),255,-,-,-,-,0.3,86.8,1,-,6.69
Javain Brown,Vancouver, 22, Defender,,,1(1),119,-,-,-,-,1.5,86.3,1.5,-,6.69
Yimmi Chará,Portland, 30, AM(CLR),,,7,524,1,-,-,-,1.3,88.3,0.3,-,6.68
Alfredo Morales,New York City FC, 31, M(C),,,1(3),136,-,2,1,-,0.8,92.2,0.5,-,6.68
Brendan Daniel Hines-Ike,DC United, 26, D(C),,,7,630,1,-,4,-,0.9,80.5,0.6,-,6.67
Edison Flores,DC United, 27, AM(CL),FW,,7,543,1,1,-,-,2.9,70.9,0.4,-,6.67
Rudy Camacho,Montreal, 30, D(C),,,8,720,-,-,2,-,0.1,86.2,1.3,1,6.66
Fábio,New York, 24, FW,,,6(1),439,-,4,-,-,2.1,64.8,1.6,-,6.66
Matías Vera,Houston, 25, DMC,,,6(1),547,1,-,3,-,0.6,86.1,0.6,-,6.66
Nick Besler,Salt Lake, 28, D(C),DMC,,4(1),380,-,1,1,-,0.4,80.4,2.4,-,6.65
Zarek Valentin,Houston, 29, D(LR),,,7,630,-,-,1,-,0.1,71.5,1.7,-,6.65
Frédéric Brillant,DC United, 35, D(C),,,6(1),556,-,-,2,-,0.4,82.1,3,-,6.65
Artur,Columbus, 25, M(C),,,5(1),434,-,-,1,-,0.5,87.6,-,-,6.64
Shane O'Neill,Seattle, 27, D(CR),,,4(2),433,-,-,-,-,0.2,86.7,0.8,-,6.64
Florian Jungwirth,San Jose, 32, D(CR),DMC,,8,688,-,-,-,-,0.4,87.9,1.9,-,6.64
Jorge Villafaña,L.A. Galaxy, 31, D(L),M(L),,7,630,-,-,1,-,0.6,81.2,0.7,-,6.63
Ján Gregus,Minnesota United, 30, M(C),,,6(1),502,-,-,1,-,1.4,85.2,1.3,-,6.63
Mauricio Pineda,Chicago, 23, D(C),DMC,,3(1),315,-,-,-,-,0.3,89.5,1.5,-,6.63
Arnór Ingvi Traustason,New England, 28, AM(CL),FW,,7,507,-,2,1,-,1.3,72.4,1.1,-,6.63
Richie Laryea,Toronto, 26, D(LR),,,7,630,1,-,1,-,0.6,82.5,-,-,6.63
Gyasi Zardes,Columbus, 29, M(LR),FW,,5(1),445,1,-,-,-,1,67.8,5,-,6.63
Alex Muyl,Nashville SC, 25, M(CLR),,,6(1),476,1,-,3,-,1.1,80,0.7,-,6.63
Andrew Farrell,New England, 29, D(CR),,,8,720,-,-,1,-,-,81.6,1,-,6.62
Ahmed Hamdi,Montreal, 23, Midfielder,,,3(3),282,-,-,-,-,1,89.6,-,-,6.62
David Ochoa,Salt Lake, 20, GK,,,5,450,-,-,-,-,-,56,-,1,6.62
Felipe Mora,Portland, 27, FW,,,4(3),402,2,1,-,-,2.3,87,1,-,6.62
Chase Gasper,Minnesota United, 25, D(L),,,7,630,-,-,3,-,0.7,79.6,1.6,-,6.62
Jonathan dos Santos,L.A. Galaxy, 31, M(CR),,,7,545,1,-,2,-,0.9,89.9,0.3,-,6.61
Ruan,Orlando City, 26, D(R),M(R),,4,311,-,-,-,-,0.5,78,0.3,-,6.61
Mustafa Kizza,Montreal, 21, Defender,,,4(2),345,-,1,-,-,1,81.6,0.7,-,6.61
Marco Delgado,Toronto, 26, D(LR),M(CR),,6,515,1,-,1,-,0.3,77.9,0.5,-,6.61
Michael Baldisimo,Vancouver, 21, M(C),,,2(3),300,-,-,2,-,0.2,88.4,1,-,6.61
José Cifuentes,Los Angeles FC, 22, M(C),,,5(2),393,1,-,1,-,1,81.9,1,-,6.61
Derrick Jones,Houston, 24, M(C),,,5(3),418,-,1,3,-,0.3,74.1,1.3,1,6.61
Yuya Kubo,FC Cincinnati, 27, AM(CLR),FW,,6,442,-,-,1,-,0.3,84.7,0.3,-,6.61
Kamal Miller,Montreal, 24, D(CL),,,6,540,-,-,1,-,0.3,87.5,1,-,6.60
Nicolás Lodeiro,Seattle, 32, M(CLR),FW,,0(1),24,-,-,-,-,3,86.2,-,-,6.60
Robbie Robinson,Inter Miami CF, 22, Forward,,,2(2),183,1,-,1,-,1.3,84.9,0.8,-,6.60
Matt Hedges,FC Dallas, 31, D(C),,,4,330,-,-,-,-,0.5,85.5,1.3,-,6.60
Robert Beric,Chicago, 29, FW,,,7,598,1,1,-,-,2.9,76.2,0.9,1,6.60
Allan Cruz,FC Cincinnati, 25, M(CR),,,4(1),364,-,-,2,-,1.2,87.4,0.6,-,6.59
Daniel Royer,New York, 31, AM(CLR),FW,,3(4),342,-,-,-,-,2.1,70.1,3.9,-,6.59
Andy Rose,Vancouver, 31, D(C),M(CR),,6,496,1,-,-,-,0.3,86.6,1.7,-,6.59
Auro,Toronto, 25, D(LR),M(CR),,7,560,-,-,1,-,0.7,75.2,0.1,-,6.59
Sean Johnson,New York City FC, 32, GK,,,7,630,-,-,-,-,-,78.8,0.3,-,6.59
Zorhan Bassong,Montreal, 22, Defender,,,1(4),193,-,1,-,-,0.2,80.2,1.2,-,6.58
Jeremy Ebobisse,Portland, 24, AM(LR),FW,,4(1),316,-,-,-,-,1.8,88.6,1.2,-,6.58
Silvester van der Water,Orlando City, 24, AM(R),,,1(4),111,1,1,-,-,1.6,71,-,-,6.58
Younes Namli,Colorado, 26, M(CLR),,,4,290,-,-,1,-,0.8,80.3,0.8,-,6.58
Thomas Edwards,New York, 22, D(R),,,2(1),234,-,-,-,-,0.3,70.5,1.3,-,6.57
Sacha Kljestan,L.A. Galaxy, 35, M(CL),,,1(6),297,1,-,1,-,0.7,81.3,1,-,6.57
Josh Williams,Columbus, 33, D(CR),,,5(1),481,-,-,1,-,0.2,86.6,1.5,-,6.57
Przemyslaw Frankowski,Chicago, 26, M(LR),,,6,519,-,-,1,-,1.5,78.4,0.3,-,6.57
C.J. Sapong,Nashville SC, 32, AM(LR),FW,,3(4),305,1,-,-,-,1.7,74.7,2.6,-,6.57
Tommy Thompson,San Jose, 25, D(LR),M(CLR),,7,432,-,-,-,-,-,79.6,0.9,-,6.57
Maynor Figueroa,Houston, 38, D(CL),M(L),,2(1),225,-,-,1,-,0.7,79,1,-,6.57
Jonathan Osorio,Toronto, 28, M(CLR),,,1(1),84,1,-,-,-,0.5,85.7,-,-,6.57
Jonathan Bornstein,Chicago, 36, D(L),,,4(2),328,-,-,-,-,0.2,72.5,2.5,-,6.56
Roger Espinoza,Kansas City, 34, M(CL),,,6(2),508,-,-,2,-,0.8,76.1,1.1,-,6.56
Luciano Abecasis,San Jose, 30, D(R),,,1(5),251,-,-,1,-,0.2,81.6,0.8,-,6.56
Chris Mueller,Orlando City, 24, AM(LR),,,5(2),442,-,2,2,-,0.9,79.8,0.9,-,6.55
Andre Shinyashiki,Colorado, 23, AM(LR),FW,,5(2),377,1,-,1,-,1.1,77.8,0.6,-,6.55
Aljaz Struna,Montreal, 30, D(CR),,,7(1),618,-,-,3,-,-,84.3,1.3,-,6.55
Franco Jara,FC Dallas, 32, FW,,,6(1),497,1,1,2,-,3.4,80.9,0.9,-,6.55
Dario Zuparic,Portland, 29, D(C),,,6(1),585,-,-,3,-,0.3,85,1.4,-,6.54
Justen Glad,Salt Lake, 24, D(CR),,,6,540,-,-,2,-,0.3,89.5,1.5,-,6.54
Nicholas DePuy,L.A. Galaxy, 26, D(C),,,3(3),379,-,-,-,-,0.7,88.2,0.8,-,6.54
Adam Saldaña,L.A. Galaxy, 19, Midfielder,,,3(3),246,-,-,1,-,0.2,89.3,0.8,-,6.54
Andres Jasson,New York City FC, 19, Midfielder,,,5(2),389,-,-,1,-,0.3,82.9,0.1,-,6.54
Claudio Bravo,Portland, 24, D(L),,,7,581,-,-,2,-,1.1,80.5,0.1,-,6.53
Luis Díaz,Columbus, 22, AM(R),,,6(1),483,1,-,2,-,1.3,78.2,0.9,-,6.53
Emerson Hyndman,Atlanta United, 25, M(CL),,,7,621,1,1,2,-,0.9,91.2,0.6,-,6.53
Johnny Russell,Kansas City, 31, AM(LR),FW,,3(4),211,-,1,-,-,0.6,77,0.3,1,6.53
Bjørn Johnsen,Montreal, 29, FW,,,4(4),341,2,-,-,-,1.5,55.7,1.5,1,6.52
Chris Mavinga,Toronto, 30, D(CL),,,5,406,-,-,1,-,0.2,80.7,1.8,-,6.52
Emanuel Maciel,Montreal, 24, DMC,,,0(1),16,-,-,-,-,1,86.7,-,-,6.52
Justin Meram,Salt Lake, 32, M(CLR),FW,,2(4),245,-,-,2,-,1.2,79.7,0.3,-,6.52
Derrick Williams,L.A. Galaxy, 28, D(CL),M(L),,4,270,-,1,-,1,0.8,85.5,1.3,-,6.52
Janio Bikel,Vancouver, 25, DMC,,,7,561,-,-,1,-,0.1,90.5,0.4,-,6.52
Jon Gallagher,Austin FC, 25, AM(L),FW,,2(4),267,1,1,-,-,1.2,75,0.3,-,6.51
Dante Sealy,FC Dallas, 18, Forward,,,0(3),24,1,-,-,-,0.7,90,0.3,-,6.51
Nicolás Mezquida,Colorado, 29, AM(CR),FW,,1(2),108,-,-,1,-,0.3,66.7,0.7,-,6.51
Jahkeele Marshall-Rutty,Toronto, 16, Forward,,,0(2),36,-,1,-,-,-,87,-,-,6.51
Mateo Bajamich,Houston, 21, Forward,,,0(2),41,-,1,-,-,0.5,54.5,0.5,-,6.51
Youba Diarra,New York, 23, Midfielder,,,1,54,-,-,1,-,1,68.3,1,-,6.51
Saad Abdul-Salaam,Columbus, 29, D(R),,,1(4),171,-,-,-,-,-,81.7,0.4,-,6.51
Wyatt Omsberg,Chicago, 25, D(C),,,4,311,-,-,2,-,0.5,78.9,2.3,-,6.51
Dominique Badji,Nashville SC, 28, AM(LR),FW,,2(3),187,-,1,-,-,2,73.9,2,-,6.50
Justin McMaster,Minnesota United, 21, Forward,,,0(3),66,-,1,-,-,0.3,82.1,-,-,6.50
Kenneth Vermeer,FC Cincinnati, 35, GK,,,3,270,-,-,-,-,-,66.7,0.3,-,6.50
Joe Willis,Nashville SC, 32, GK,,,7,630,-,-,-,-,-,65.2,0.3,-,6.50
Mathieu Choinière,Montreal, 22, Midfielder,,,1(1),111,-,-,-,-,0.5,83,-,-,6.49
Diego Fagundez,Austin FC, 26, M(CLR),FW,,5(2),387,2,-,-,-,0.7,89.6,-,-,6.49
Jon Kempin,DC United, 28, GK,,,3,270,-,-,-,-,-,63.1,0.3,-,6.49
Carlos Fierro,San Jose, 26, AM(L),,,7(1),539,-,1,1,-,1.3,72.1,0.4,-,6.49
José Martínez,Philadelphia, 26, DMC,,,5,353,-,-,2,1,0.6,78.6,1.8,-,6.49
Josef Martínez,Atlanta United, 28, FW,,,4(3),398,2,-,-,-,1.9,89,0.6,-,6.49
Josecarlos Van Rankin,Portland, 28, Defender,,,4(3),420,-,1,-,-,0.3,88.2,-,1,6.49
Fredy Montero,Seattle, 33, AM(C),FW,,1(5),175,2,-,-,-,0.5,71.4,0.7,-,6.49
Kaveh Rad,Kansas City, 19, Defender,,,2(1),207,-,-,-,-,-,90,1,-,6.48
Maciel,New England, 21, Midfielder,,,4,313,-,-,-,-,-,92.2,0.3,-,6.48
Bobby Shuttleworth,Chicago, 34, GK,,,7,630,-,-,-,-,-,74.5,-,-,6.47
Patryk Klimala,New York, 22, FW,,,1(2),152,-,1,-,-,1,59.4,1.3,-,6.47
Samuel Grandsir,L.A. Galaxy, 24, AM(LR),,,6(1),420,-,-,1,-,0.9,77.2,-,-,6.47
Michael Boxall,Minnesota United, 32, D(C),,,7,630,-,-,2,-,0.3,84.1,0.9,-,6.47
Tanner Beason,San Jose, 24, D(C),,,4,342,-,1,-,-,0.3,86.2,1.3,-,6.47
Kelvin Leerdam,Inter Miami CF, 30, D(LR),DMC,,3(2),302,-,-,-,-,0.2,81,1.2,-,6.46
Marco Farfan,Los Angeles FC, 22, D(LR),,,3(2),294,-,-,-,-,0.2,83.1,0.2,-,6.46
Tristan Blackmon,Los Angeles FC, 24, D(CR),,,5(1),441,-,-,1,-,0.5,82.2,1.7,-,6.46
Marcos López,San Jose, 21, D(L),,,4(1),275,-,-,-,-,0.6,79.1,0.6,-,6.46
Marko Maric,Houston, 25, GK,,,8,720,-,-,-,-,-,52.5,-,-,6.46
Tom Pettersson,FC Cincinnati, 31, D(C),DMC,,3,270,-,-,-,-,1.3,87.9,2.3,-,6.46
Lassi Lappalainen,Montreal, 22, M(L),,,3(2),232,-,-,-,-,1.4,79.5,0.6,-,6.46
Carlos Vela,Los Angeles FC, 32, M(CLR),FW,,3(1),191,-,1,-,-,1.5,74.7,0.3,-,6.46
Pablo Sisniega,Los Angeles FC, 25, GK,,,7,630,-,-,-,-,-,66.7,0.4,-,6.45
Ethan Zubak,L.A. Galaxy, 23, FW,,,2(5),265,-,1,-,-,1,69.9,1,-,6.45
John Tolkin,New York, 18, Defender,,,1(2),97,-,-,-,-,1,59.1,-,-,6.45
Brenner,FC Cincinnati, 21, FW,,,6,531,1,-,-,-,1.3,86.9,-,-,6.45
João Moutinho,Orlando City, 23, D(L),M(L),,1(3),167,-,-,1,-,-,69.2,0.8,-,6.44
Lalas Abubakar,Colorado, 26, D(C),,,1,74,-,-,-,-,-,74.1,2,-,6.44
Tony Alfaro,DC United, 27, D(C),,,7,579,1,-,1,-,0.1,75.1,1.7,-,6.44
Tanner Tessmann,FC Dallas, 19, DMC,,,6,441,-,-,1,-,0.7,82.7,1.8,-,6.44
Rodolfo Pizarro,Inter Miami CF, 27, AM(CL),,,5(1),378,-,-,-,-,1,76.9,0.7,-,6.44
John Pulskamp,Kansas City, 20, GK,,,5,450,-,-,-,-,-,61.2,0.4,-,6.44
Jhon Espinoza,Chicago, 22, Defender,,,0(3),44,-,-,-,-,0.3,80,0.7,-,6.43
Luke Singh,Toronto, 20, Defender,,,2(1),225,1,-,-,-,0.3,86.9,1,-,6.43
Isaiah Parente,Columbus, 21, Midfielder,,,2,151,-,-,-,-,-,92,0.5,-,6.43
Rémi Walter,Kansas City, 26, M(CR),,,4(4),381,-,-,-,-,0.8,86.7,0.6,-,6.43
Tommy McNamara,New England, 30, M(CL),,,3(5),339,-,-,-,-,0.8,86.8,0.3,-,6.43
Vito Wormgoor,Columbus, 32, D(C),,,3,222,-,-,-,-,0.3,87,2,-,6.43
Fabian Herbers,Chicago, 27, AM(CR),,,2(1),190,-,-,1,-,1.7,77.6,0.7,-,6.43
Jürgen Locadia,FC Cincinnati, 27, AM(LR),FW,,2(4),293,1,-,-,-,1.3,82.4,0.5,-,6.43
Ryan Shawcross,Inter Miami CF, 33, D(C),,,6(1),551,-,-,1,-,0.3,82.3,1.3,1,6.42
Lisandro López,Atlanta United, 38, AM(L),FW,,2,142,-,-,-,-,1,81.8,1,-,6.42
Wikelman Carmona,New York, 18, Midfielder,,,0(1),18,-,-,-,-,2,85.7,-,-,6.42
Jonathan Lewis,Colorado, 23, AM(LR),,,1(5),191,-,-,-,-,1.2,88.2,-,-,6.42
Brek Shea,Inter Miami CF, 31, D(L),M(LR),,4(2),335,1,-,-,-,0.7,77.4,0.7,-,6.41
Jared Stroud,Austin FC, 24, AM(LR),,,5(2),416,-,2,1,-,1.4,70.8,0.1,1,6.41
Tim Parker,Houston, 28, D(CR),,,8,720,-,-,-,-,0.5,83.3,1.6,-,6.41
Malte Amundsen,New York City FC, 23, Defender,,,1(6),181,-,-,-,-,0.3,75.3,0.1,-,6.41
Tom Barlow,New York, 25, FW,,,1(2),90,-,-,-,-,0.7,52,3.3,-,6.40
Brian Gutierrez,Chicago, 17, Midfielder,,,3(1),199,-,-,-,-,1.5,63.3,0.3,-,6.40
James Marcinkowski,San Jose, 24, GK,,,8,720,-,-,-,-,-,70.9,0.1,-,6.39
Jürgen Damm,Atlanta United, 28, AM(R),,,1(2),56,-,-,-,-,0.3,81.8,-,-,6.39
Sebastien Ibeagha,New York City FC, 29, D(C),,,2(3),274,-,-,2,-,0.4,84.2,1.4,-,6.39
Clément Bayiha,Montreal, 22, AM(R),,,2(2),188,-,-,-,-,-,87.2,0.3,-,6.39
José Bizama,Houston, 26, D(R),,,1,90,-,-,-,-,-,66.7,1,-,6.39
Franco Ibarra,Atlanta United, 20, Midfielder,,,3(4),290,-,-,1,-,0.1,84.4,0.4,-,6.39
Harrison Afful,Columbus, 34, D(R),M(R),,6(1),513,-,-,1,-,0.3,77.4,0.3,-,6.39
Drew Skundrich,DC United, 25, Midfielder,,,3,244,-,-,-,-,0.7,76.7,3.7,-,6.39
Wil Trapp,Minnesota United, 28, DMC,,,7,630,-,-,1,-,0.1,86.4,0.7,-,6.39
Amar Sejdic,Montreal, 24, M(C),,,2(3),224,-,-,-,-,0.4,89.4,-,-,6.38
Miguel Ángel Navarro,Chicago, 22, D(L),,,3(2),297,-,-,-,-,-,70.5,0.8,-,6.38
Elliot Collier,Chicago, 26, Forward,,,1(3),138,-,-,-,-,1,68.2,0.5,-,6.38
Dairon Asprilla,Portland, 29, AM(LR),FW,,3(4),315,1,-,1,-,1.6,69.2,1.7,1,6.38
Roberto Puncec,Kansas City, 29, D(C),,,1(1),85,-,-,1,-,1,87.8,1.5,-,6.38
Efraín Álvarez,L.A. Galaxy, 18, AM(CR),,,4(2),259,-,-,1,-,1.3,87,0.2,-,6.37
Kemar Lawrence,Toronto, 28, D(CL),,,3(1),292,-,-,-,-,0.8,78.8,0.3,-,6.37
Daniel Pereira,Austin FC, 20, Midfielder,,,4(2),406,-,-,3,-,0.8,89.9,0.5,-,6.37
Larrys Mabiala,Portland, 33, D(C),,,3,151,-,-,-,-,-,78.4,1.3,-,6.37
Aboubacar Keita,Columbus, 21, D(C),,,1(2),147,-,-,1,-,-,89.2,-,-,6.37
Moses Nyeman,DC United, 17, M(C),,,5(2),375,-,-,1,-,0.3,77.3,0.1,-,6.37
Erik Sorga,DC United, 21, FW,,,3,234,-,-,-,-,0.3,76.4,0.7,-,6.36
Joseph Mora,DC United, 28, D(L),M(L),,5(1),453,-,-,-,-,0.3,67.8,-,-,6.36
Russell Teibert,Vancouver, 28, M(CLR),,,6,463,-,-,-,-,0.2,85.3,0.3,-,6.36
Nick Hagglund,FC Cincinnati, 28, D(CR),,,3(1),282,1,-,-,-,1.5,81.3,2.8,-,6.36
Teal Bunbury,New England, 31, AM(LR),FW,,1(5),172,1,-,-,-,1.3,84.7,0.8,-,6.35
Jonathan Perez,L.A. Galaxy, 18, Midfielder,,,0(1),7,-,-,-,-,-,66.7,-,-,6.35
Danny Leyva,Seattle, 18, DMC,,,1(5),118,-,-,-,-,0.3,79.2,0.3,-,6.35
Erik López,Atlanta United, 19, Forward,,,4(2),301,1,-,2,-,1.5,85.1,0.2,-,6.35
Alex Bono,Toronto, 27, GK,,,7,630,-,-,1,-,-,58.9,0.4,-,6.35
Shea Salinas,San Jose, 34, D(L),M(CLR),,0(8),199,-,1,1,-,0.8,79.5,0.5,-,6.34
Albert Rusnák,Salt Lake, 26, AM(CLR),FW,,6,540,-,-,2,-,1.5,85.2,0.3,-,6.34
Wilfrid Kaptoum,New England, 24, DMC,,,2(3),180,-,-,2,-,-,87.5,-,-,6.34
Ben Sweat,Austin FC, 29, D(CL),M(L),,2,93,-,-,-,-,-,76.6,-,-,6.34
Carlos Harvey,L.A. Galaxy, 21, Midfielder,,,1(3),136,-,-,1,-,-,85.1,0.3,-,6.34
Danny Musovski,Los Angeles FC, 25, Forward,,,1(5),169,-,1,-,-,1.3,80,0.8,-,6.34
Paxton Pomykal,FC Dallas, 21, AM(C),,,0(7),191,-,1,-,-,0.6,77.6,0.4,-,6.33
Luis Martins,Kansas City, 28, D(L),,,8,720,-,-,1,-,0.8,88,0.1,-,6.33
Joseph-Claude Gyau,FC Cincinnati, 28, D(R),M(LR),,6,540,-,-,-,-,0.5,88.5,-,-,6.33
Anthony Fontana,Philadelphia, 21, AM(C),,,3(4),254,-,-,-,-,0.6,75.4,-,-,6.33
Edwin Cerrillo,FC Dallas, 20, DMC,,,0(1),23,-,-,-,-,-,100,-,-,6.33
Erik Hurtado,Montreal, 30, AM(R),FW,,2(5),282,-,1,-,-,1,84.1,0.1,-,6.33
Donny Toia,Salt Lake, 29, D(LR),,,4(1),348,-,-,-,-,0.6,72.7,0.6,-,6.33
Eddie Munjoma,FC Dallas, 22, Defender,,,5(1),368,-,-,1,-,-,79.5,0.2,-,6.32
Jack McGlynn,Philadelphia, 17, Midfielder,,,2(2),138,-,-,-,-,0.8,78.8,0.3,-,6.32
Andrés Perea,Orlando City, 20, AM(C),,,2(5),316,-,-,-,-,0.1,85.2,0.4,-,6.32
Kim Moon-Hwan,Los Angeles FC, 25, Defender,,,0(3),50,-,-,-,-,0.3,71.9,0.3,-,6.32
Erik Holt,Salt Lake, 24, D(C),,,2(1),181,-,-,-,-,0.3,78.7,1.3,-,6.31
Jacob Shaffelburg,Toronto, 21, AM(L),,,2(3),208,1,-,-,-,1.2,70.7,0.4,-,6.31
Judson,San Jose, 28, DMC,,,1(3),120,-,-,1,-,0.3,92.5,-,-,6.31
Blaise Matuidi,Inter Miami CF, 34, M(CL),,,8,595,-,-,2,-,0.1,86.4,0.4,-,6.31
Eriq Zavaleta,Toronto, 28, D(C),,,1(1),99,-,-,-,-,-,86.5,2,-,6.31
John Nelson,FC Dallas, 22, D(L),,,2(2),240,-,-,-,-,-,80.5,0.3,-,6.30
Foster Langsdorf,Minnesota United, 25, Forward,,,0(1),32,-,-,-,-,1,72.7,2,-,6.30
Joevin Jones,Inter Miami CF, 29, D(L),M(LR),,5(3),492,-,-,-,-,-,85.3,0.4,-,6.30
John McCarthy,Inter Miami CF, 28, GK,,,8,720,-,-,-,-,-,66.8,0.5,-,6.30
Álvaro Barreal,FC Cincinnati, 20, AM(R),,,5(1),379,1,-,-,-,1.3,79.5,-,-,6.29
Benji Michel,Orlando City, 23, AM(LR),,,2(5),229,-,1,-,-,0.4,83.1,0.7,-,6.29
Jake Nerwinski,Vancouver, 26, D(R),,,5(1),418,-,-,-,-,0.3,79.2,0.3,-,6.29
Ricardo Pepi,FC Dallas, 18, Forward,,,1(5),155,1,-,-,-,0.5,82.1,0.5,-,6.29
Tayvon Gray,New York City FC, 18, Defender,,,0(1),7,-,-,-,-,-,50,-,-,6.29
Taylor Washington,Nashville SC, 27, Defender,,,0(3),36,-,-,-,-,-,20,-,-,6.29
Matt Real,Philadelphia, 21, D(L),,,1(3),89,-,-,-,-,-,72.4,1.3,-,6.29
Zac McGraw,Portland, 23, Defender,,,1(3),130,-,-,-,-,0.5,75.9,1.5,-,6.28
Jozy Altidore,Toronto, 31, FW,,,2(2),189,1,-,1,-,1.8,84.6,0.3,-,6.28
Steve Clark,Portland, 35, GK,,,1,78,-,-,-,-,-,78.3,1,-,6.28
Siad Haji,San Jose, 21, Midfielder,,,0(2),22,-,-,-,-,0.5,92.9,-,-,6.28
Luke Haakenson,Nashville SC, 23, Midfielder,,,0(4),49,-,-,1,-,1,76.5,0.8,-,6.28
Ayo Akinola,Toronto, 21, FW,,,4(2),323,1,-,-,-,1,83.3,0.7,-,6.28
Alejandro Pozuelo,Toronto, 29, M(CR),FW,,0(1),35,-,-,-,-,1,85.4,-,-,6.27
Cameron Dunbar,L.A. Galaxy, 18, Forward,,,1(5),149,-,-,-,-,0.3,87.5,-,-,6.27
Sergio Santos,Philadelphia, 26, FW,,,5(3),399,1,-,2,-,1.1,59.8,0.9,-,6.26
Noble Okello,Toronto, 20, Midfielder,,,2(1),133,-,-,-,-,0.7,84.1,1,-,6.26
Andy Polo,Portland, 26, M(CLR),,,3(1),189,-,-,-,-,-,92.4,-,-,6.26
Derek Cornelius,Vancouver, 23, D(C),,,1(3),140,-,-,2,-,0.5,83.1,0.5,-,6.26
Kévin Cabral,L.A. Galaxy, 21, Forward,,,2(1),178,-,-,-,-,2.3,73.8,-,-,6.26
Patrick Mullins,Toronto, 29, FW,,,2(4),184,-,1,-,-,0.8,67.4,0.8,-,6.26
Caio Alexandre,Vancouver, 22, DMC,,,5(1),413,-,-,1,-,1.2,87,-,-,6.25
Alan Franco,Atlanta United, 24, D(C),,,2,92,-,-,1,-,-,87.5,1.5,-,6.25
Jalil Anibaba,Nashville SC, 32, D(CLR),,,0(1),7,-,-,-,-,-,50,1,-,6.25
Johan Kappelhof,Chicago, 30, D(CR),DMC,,4(1),323,-,-,2,-,0.2,73.3,1.8,-,6.25
Rodney Redes,Austin FC, 21, Forward,,,2(5),235,-,1,-,-,0.6,73.5,0.1,-,6.25
Talles Magno,New York City FC, 18, AM(CL),,,0(1),23,-,-,-,-,-,80,-,-,6.25
Nnamdi Chinonso Offor,Chicago, 21, Forward,,,2(5),247,-,-,1,-,1,80,2,-,6.25
Dru Yearwood,New York, 21, DMC,,,0(5),166,-,-,1,1,1.2,76.7,-,-,6.25
Derrick Etienne,Columbus, 24, AM(LR),FW,,3(2),283,-,-,-,-,0.6,81.7,-,-,6.25
Liam Fraser,Columbus, 23, DMC,,,0(2),56,-,-,-,-,-,87.5,1,-,6.25
Boniek García,Houston, 36, D(CR),M(CLR),,6(2),508,-,-,2,-,0.1,89.4,0.8,-,6.24
Erick Torres,Atlanta United, 28, FW,,,1(2),91,-,-,1,-,0.7,84,0.7,-,6.24
Ignacio Aliseda,Chicago, 21, AM(CL),FW,,0(2),55,-,-,-,-,0.5,85.2,-,-,6.24
Ramón Ábila,Minnesota United, 31, FW,,,1(5),167,1,-,1,-,1.5,72.7,-,-,6.23
Victor Ulloa,Inter Miami CF, 29, M(C),,,6(2),486,-,-,1,-,0.4,79.1,0.6,-,6.23
Darwin Cerén,Houston, 31, M(C),,,1(5),206,-,-,-,-,-,86.6,0.3,-,6.23
Nick DeLeon,Toronto, 30, D(LR),M(CLR),,4(3),376,-,-,-,-,1.1,79.8,0.1,-,6.23
Nicolás Acevedo,New York City FC, 22, M(C),,,4(2),388,-,-,1,1,0.5,78.8,0.3,-,6.22
Ashtone Morgan,Salt Lake, 30, D(L),M(L),,0(1),14,-,-,-,-,-,80,-,-,6.22
Felipe,DC United, 30, M(C),,,0(6),149,-,-,-,-,0.3,85.3,-,-,6.22
Matt LaGrassa,Nashville SC, 28, Midfielder,,,0(3),27,-,-,-,-,0.3,80,-,-,6.22
Handwalla Bwana,Nashville SC, 23, AM(LR),,,1(2),91,-,-,-,-,1,71.4,-,-,6.21
Dom Dwyer,Toronto, 30, FW,,,0(1),21,-,-,-,-,-,40,3,-,6.21
Brian White,New York, 25, FW,,,3(2),195,-,1,-,-,0.4,80,1.2,-,6.21
Osvaldo Alonso,Minnesota United, 35, DMC,,,3(2),274,-,-,2,-,0.6,90.1,0.4,-,6.20
Joaquín Torres,Montreal, 24, AM(R),,,0(3),35,-,-,-,-,0.3,72.2,-,-,6.20
Jordan Perruzza,Toronto, 20, Forward,,,0(1),45,-,-,-,-,1,75,-,-,6.20
Liam Fraser,Toronto, 23, DMC,,,0(1),31,-,-,-,-,-,90.5,-,-,6.20
Ralph Priso-Mbongue,Toronto, 18, Midfielder,,,3(1),196,-,-,1,-,-,83.3,0.5,-,6.20
Andrés Ríos,San Jose, 31, AM(C),FW,,2(6),270,-,-,2,-,1,66.7,0.4,-,6.19
Szabolcs Schon,FC Dallas, 20, Forward,,,0(3),51,-,-,-,-,-,75,-,-,6.19
Francisco Ginella,Los Angeles FC, 22, M(C),,,0(3),29,-,-,-,-,-,72.4,-,-,6.18
Jukka Raitala,Minnesota United, 32, D(CLR),M(L),,4(1),364,-,-,-,-,-,86.7,1.6,-,6.18
Christian Ramírez,Houston, 30, FW,,,1(5),89,1,-,-,-,0.3,72.7,-,-,6.18
Javier Casas,Chicago, 18, Midfielder,,,0(1),45,-,-,-,-,-,68.2,1,-,6.18
Omir Fernandez,New York, 22, Midfielder,,,0(5),107,-,-,-,-,0.4,67.6,-,-,6.17
Chris Wondolowski,San Jose, 38, AM(CR),FW,,0(7),177,2,-,2,1,1.9,80.4,0.7,1,6.17
Ariel Lassiter,Houston, 26, AM(R),,,1(5),157,-,-,-,-,1.3,90,-,-,6.17
Sami Guediri,Inter Miami CF, 23, Defender,,,1(4),107,-,-,1,-,-,67.8,0.2,-,6.17
Bradley Wright-Phillips,Columbus, 36, FW,,,2(4),202,-,-,-,-,0.2,73.1,1.2,-,6.17
Cameron Harper,New York, 19, Forward,,,0(4),71,-,-,-,-,0.3,75,-,-,6.16
AJ Delagarza JR,New England, 33, D(CLR),,,0(1),36,-,-,-,-,-,46.2,1,-,6.16
Alex De John,Atlanta United, 30, D(CR),,,0(1),17,-,-,-,-,1,66.7,2,-,6.16
Blake Bodily,Portland, 23, Midfielder,,,2(1),143,-,-,1,-,1,72.5,2,-,6.16
Jordy Delem,Seattle, 28, D(R),DMC,,1(3),35,-,-,1,-,-,73.3,-,-,6.16
Yamil Asad,DC United, 26, AM(CL),,,4(2),297,-,1,1,-,0.5,58.5,0.5,-,6.16
Alexandru Irinel Matan,Columbus, 21, Midfielder,,,1(6),134,-,-,-,-,0.3,88.9,-,-,6.15
Jayden Nelson,Toronto, 18, Forward,,,2(1),114,-,-,-,-,1.3,87.5,-,-,6.15
Bruno Gaspar,Vancouver, 28, D(R),,,2(2),181,-,-,1,-,0.3,75,1,-,6.15
Calvin Harris,FC Cincinnati, 21, Forward,,,3(1),222,-,-,2,-,0.5,86.3,0.8,-,6.15
Cameron Duke,Kansas City, 20, Midfielder,,,0(1),2,-,-,-,-,-,100,-,-,6.15
Patrick Weah,Minnesota United, 17, Forward,,,0(1),9,-,-,-,-,2,100,1,-,6.15
Raheem Edwards,Los Angeles FC, 25, D(L),M(LR),,0(3),43,-,-,-,-,0.3,64.7,0.3,-,6.14
Chris Seitz,DC United, 34, GK,,,4,360,-,-,-,-,-,69.3,0.3,-,6.14
Alexander Alvarado,Orlando City, 22, Midfielder,,,0(2),16,-,-,-,-,-,80,0.5,-,6.14
Jay Chapman,Inter Miami CF, 27, M(CLR),,,3(3),280,-,-,1,-,0.3,83.6,0.7,-,6.13
Renzo Zambrano,Portland, 26, DMC,,,1(3),127,-,-,-,-,-,82.3,-,-,6.13
Julián Carranza,Inter Miami CF, 21, FW,,,1(2),109,-,-,-,-,0.7,73.7,1.3,-,6.13
Oniel Fisher,L.A. Galaxy, 29, D(LR),,,2(1),148,-,-,-,-,0.3,85.9,0.3,-,6.13
Tah Anunga,Nashville SC, 24, DMC,,,0(1),12,-,-,-,-,1,81.8,-,-,6.12
Christopher Gloster,New York City FC, 20, Defender,,,0(2),5,-,-,-,-,-,80,-,-,6.12
Jack Gurr,Atlanta United, 25, Midfielder,,,0(1),45,-,-,-,-,-,83.3,-,-,6.12
Caleb Stanko,FC Cincinnati, 27, DMC,,,2(3),234,-,-,3,-,-,81.9,0.4,-,6.12
Haris Medunjanin,FC Cincinnati, 36, M(C),,,0(5),61,-,-,-,-,-,85.5,-,-,6.12
Justin Morrow,Toronto, 33, D(CLR),M(L),,0(3),110,-,-,-,-,-,82.1,1,-,6.11
Edward Kizza,New England, 22, Forward,,,0(5),63,-,-,-,-,0.2,80,-,-,6.11
Ethan Finlay,Minnesota United, 30, AM(R),,,4(1),298,-,-,-,-,0.8,73.8,0.2,-,6.11
Kalil ElMedkhar,FC Dallas, 21, Midfielder,,,0(1),13,-,-,-,-,-,100,-,-,6.11
Michael Halliday,Orlando City, 18, Defender,,,1,63,-,-,-,-,-,81.8,1,-,6.11
Nico Lemoine,Houston, 21, Forward,,,1,60,-,-,-,-,-,71.4,-,-,6.11
Josh Penn,Inter Miami CF, 20, Forward,,,0(2),19,-,-,-,-,-,66.7,0.5,-,6.11
Danny Hoesen,Austin FC, 30, AM(LR),FW,,5,311,-,-,-,-,1.2,81.1,0.6,-,6.11
Leonard Owusu,Vancouver, 24, M(C),,,0(3),36,-,-,1,-,-,95.7,-,-,6.10
Aedan Stanley,Austin FC, 21, Defender,,,0(1),20,-,-,-,-,-,85,-,-,6.10
Ismaila Jome,Portland, 26, Defender,,,0(1),5,-,-,-,-,-,100,-,-,6.10
Theo Bair,Vancouver, 21, AM(R),FW,,0(2),15,-,-,-,-,-,75,0.5,-,6.10
Sunusi Ibrahim,Montreal, 18, Forward,,,1(3),99,-,-,-,-,0.8,63.2,1.3,-,6.10
Jeff Attinella,Portland, 32, GK,,,2(1),170,-,-,-,-,-,63.9,-,-,6.09
Brandon Vázquez,FC Cincinnati, 22, FW,,,0(5),61,-,-,-,-,0.2,73.9,0.2,-,6.09
Christian Makoun,Inter Miami CF, 21, Defender,,,1(2),89,-,-,-,-,-,80.7,-,-,6.08
Nicolas Benezet,Colorado, 30, AM(CLR),,,0(5),74,-,-,-,-,0.8,83.8,-,-,6.08
Kamohelo Mokotjo,FC Cincinnati, 30, DMC,,,3,221,-,-,1,-,-,91,-,-,6.08
Amro Tarek,New York, 29, D(C),,,2,126,-,-,-,-,0.5,71.4,1.5,-,6.08
Dayne St. Clair,Minnesota United, 24, GK,,,4,360,-,-,-,-,0.3,58.9,0.3,-,6.07
Ethan Dobbelaere,Seattle, 18, Midfielder,,,1(2),61,-,-,1,-,-,72.7,-,-,6.07
Jacori Hayes,Minnesota United, 25, DMC,,,1(2),70,-,-,-,-,0.3,88.9,-,-,6.07
Vuk Latinovich,New York City FC, 23, Defender,,,0(2),4,-,-,-,-,-,81.8,-,-,6.07
Yordy Reyna,DC United, 27, AM(CLR),FW,,0(1),10,-,-,-,-,-,66.7,-,-,6.06
Adrien Hunou,Minnesota United, 27, AM(CLR),FW,,1,65,-,-,-,-,3,78.3,-,-,6.05
Cal Jennings,Los Angeles FC, 24, Forward,,,0(1),9,-,-,-,-,1,50,1,-,6.05
Edison Azcona,Inter Miami CF, 17, Forward,,,0(4),44,-,-,1,-,-,90.5,0.3,-,6.05
Jack Skahan,San Jose, 23, Midfielder,,,0(1),24,-,-,-,-,1,66.7,-,-,6.05
Joye Dezart,Orlando City, 22, Midfielder,,,0(4),18,-,-,-,-,-,81.8,0.5,-,6.05
Tony Rocha,New York City FC, 27, DMC,,,0(3),15,-,-,-,-,-,91.7,-,-,6.05
Drew Moor,Colorado, 37, D(CLR),,,0(3),26,-,-,-,-,-,100,-,-,6.04
Alejandro Fuenmayor,Houston, 24, D(C),,,1,90,-,-,-,-,-,66,2,-,6.04
Juan Agudelo,Minnesota United, 28, M(CLR),FW,,1(1),82,-,-,-,-,1.5,75,1.5,-,6.04
Nigel Robertha,DC United, 23, Forward,,,0(2),36,-,-,-,-,-,88.9,-,-,6.04
Noah Powder,Salt Lake, 22, Defender,,,0(1),7,-,-,-,-,-,83.3,-,-,6.04
Darwin Quintero,Houston, 33, AM(CL),FW,,0(3),49,-,-,-,-,0.7,34.6,-,-,6.04
Benjamin Kikanovic,San Jose, 21, Forward,,,0(2),35,-,-,-,-,1.5,60,1,-,6.03
Bryce Duke,Los Angeles FC, 20, Midfielder,,,0(2),31,-,-,-,-,-,66.7,-,-,6.03
Sebastian Berhalter,Austin FC, 20, Midfielder,,,0(5),69,-,-,1,-,-,78.2,0.4,-,6.02
Matheus Aiás,Orlando City, 24, Forward,,,0(2),15,-,-,-,-,-,-,-,-,6.02
Tosaint Ricketts,Vancouver, 33, FW,,,0(1),26,-,-,-,-,-,66.7,-,-,6.02
Maikel Chang,Salt Lake, 30, AM(R),,,0(4),31,-,-,1,-,-,50,-,-,6.02
Kamron Habibullah,Vancouver, 17, Forward,,,0(2),30,-,-,-,-,-,100,-,-,6.01
Paxten Aaronson,Philadelphia, 17, Midfielder,,,0(1),1,-,-,-,-,-,100,-,-,6.01
Ryan Raposo,Vancouver, 22, Midfielder,,,1(6),104,-,-,-,-,0.4,76.9,-,-,6.01
Tsubasa Endoh,Toronto, 27, M(CLR),,,1(1),75,-,-,-,-,-,81.3,-,-,6.01
Dylan Nealis,Nashville SC, 22, D(R),,,0(1),1,-,-,-,-,-,-,-,-,6.00
Manny Perez,Austin FC, 22, Midfielder,,,0(1),1,-,-,-,-,-,66.7,1,-,6.00
Justin Portillo,Salt Lake, 28, DMC,,,0(1),1,-,-,-,-,-,-,-,-,6.00
Miguel Berry,Columbus, 23, Forward,,,0(1),1,-,-,-,-,-,50,-,-,6.00
Patrick Metcalfe,Vancouver, 22, Midfielder,,,0(1),1,-,-,-,-,-,50,-,-,6.00
Quinn Sullivan,Philadelphia, 17, Midfielder,,,0(3),7,-,-,-,-,-,100,-,-,6.00
Reed Baker-Whiting,Seattle, 16, Midfielder,,,0(1),1,-,-,-,-,-,-,-,-,6.00
Rodrigo Piñeiro,Nashville SC, 22, Forward,,,0(1),1,-,-,-,-,-,100,-,-,6.00
Douglas Martínez,Salt Lake, 23, FW,,,0(5),49,-,-,-,-,-,84.6,1,-,5.99
Collen Warner,Colorado, 32, M(C),,,0(1),7,-,-,-,-,-,100,-,-,5.99
Wilson Harris,Kansas City, 21, Forward,,,0(2),11,-,-,-,-,-,100,-,-,5.99
Érik Godoy,Vancouver, 27, D(CR),,,1(1),100,-,-,-,-,0.5,86.6,-,-,5.99
Felipe Hernandez,Kansas City, 22, M(C),,,0(1),1,-,-,-,-,-,-,-,-,5.98
Oliver Larraz,Colorado, 19, Midfielder,,,0(2),11,-,-,-,-,-,76.9,-,-,5.98
Kekuta Manneh,Austin FC, 26, AM(CLR),FW,,0(4),48,-,-,-,-,1.3,77.8,-,-,5.97
Ema Twumasi,FC Dallas, 24, Forward,,,0(1),11,-,-,-,-,-,70,-,-,5.97
Machop Chol,Atlanta United, 22, Forward,,,0(1),24,-,-,-,-,1,100,-,-,5.96
Hunter Sulte,Portland, 19, Goalkeeper,,,1(1),112,-,-,-,-,-,68.6,-,-,5.95
Cody Cropper,FC Cincinnati, 28, GK,,,1,90,-,-,-,-,-,64.3,-,-,5.94
Héctor Jiménez,Austin FC, 32, D(LR),M(R),,1(2),51,-,-,-,-,-,82.8,-,-,5.94
Ilsinho,Philadelphia, 35, AM(CR),,,0(1),11,-,-,-,-,-,60,-,-,5.90
Florian Valot,New York, 28, M(CR),,,1(1),82,-,-,-,-,-,64.9,-,-,5.90
Isaac Atanga,FC Cincinnati, 20, Forward,,,1(1),71,-,-,-,-,-,80,-,-,5.89
Kimarni Smith,DC United, 23, Forward,,,1(2),99,-,-,-,-,0.3,84.2,0.7,-,5.89
Zico Bailey,FC Cincinnati, 20, Defender,,,0(1),9,-,-,-,-,-,90,-,-,5.89
Daniel Gazdag,Philadelphia, 25, Midfielder,,,0(1),23,-,-,-,-,1,100,-,-,5.87
Matheus Rossetto,Atlanta United, 25, M(CR),,,0(1),2,-,-,1,-,-,100,-,-,5.84
Andrés Reyes,New York, 21, D(C),,,1,38,1,-,-,1,1,60,-,-,5.60
Zac MacMath,Salt Lake, 29, GK,,,1,90,-,-,-,-,-,59,-,-,5.36
