Name,Total_shots,OutOfBox,SixYardBox,PenaltyArea
Sam Walker,-,-,-,-
Vadaine Oliver,2.6,0.3,0.5,1.8
Robert Atkinson,0.9,0.1,0.1,0.7
Jayden Stockley,2,0.1,0.4,1.5
Aiden McGeady,2.2,1.3,-,0.9
Jonson Clarke-Harris,2.9,0.7,0.4,1.9
Charlie Wyke,2.4,0.1,0.4,1.9
Siriki Dembélé,1.8,0.7,0.1,1
Jorge Grant,1.8,1,0.2,0.6
Josef Bursik,-,-,-,-
Benjamin Whiteman,2.3,1.8,-,0.6
George Honeyman,0.7,0.1,0.1,0.5
Thomas Hamer,0.9,0.4,-,0.4
Cameron Burgess,0.7,0.1,0.1,0.5
Mark McGuinness,0.6,-,0.2,0.5
Danny Ballard,0.5,-,0.2,0.3
Brandon Fleming,0.3,0.3,-,-
Joe Pigott,3.5,1.2,0.2,2.1
Callum Elder,0.3,0.2,-,0.1
Jake Forster-Caskey,1.3,1,-,0.3
Morgan Rogers,1.9,0.9,-,1
Nathan Baxter,-,-,-,-
Ryan Inniss,1.1,-,0.2,0.9
Joe Ward,1.2,0.7,-,0.6
Lee Evans,2,1.5,-,0.5
Alfie Doughty,0.7,0.6,-,0.1
Josh Ruffels,1.3,0.4,0.2,0.8
Mallik Wilks,3.2,1,0.2,2
Scott Fraser,2.1,0.8,-,1.3
Robbie Cundy,1.3,-,0.2,1.2
Sam Long,0.5,-,0.1,0.4
Ronan Curtis,2.2,0.9,0.1,1.2
Joe Lumley,-,-,-,-
Lewie Coyle,0.3,0.3,-,-
Will Nightingale,0.8,-,0.2,0.6
Jordan Thorniley,0.4,-,-,0.4
Mark Beevers,0.2,-,0.1,0.2
Joe Pritchard,2.6,1.8,-,0.8
Dan Butler,0.5,0.2,-,0.2
Frankie Kent,0.5,0.1,0.1,0.2
Ronnie Edwards,-,-,-,-
Jordan Graham,1,0.3,-,0.7
Ross Sykes,1.1,0.1,-,1
Nathan Thompson,0.3,0.1,0.1,0.2
Michael Nottingham,0.6,0.1,0.1,0.4
Connor Ogilvie,0.7,-,0.1,0.6
Perry Ng,0.9,0.5,0.1,0.3
James Wilson,0.2,-,0.1,0.1
Harry Smith,1.3,0.3,-,1
Sean Raggett,1,-,0.2,0.7
Daníel Grétarsson,0.3,0.1,-,0.3
Matthew Lund,1.4,0.5,0.3,0.6
Jack Tucker,0.3,-,0.1,0.2
Jack Taylor,1.1,0.6,0.1,0.4
Colby Bishop,2,0.1,0.5,1.4
Brandon Barker,1.1,0.7,-,0.4
George Dobson,0.7,0.4,-,0.3
Jordy de Wijs,1.4,-,0.6,0.9
Luke Garbutt,1.2,0.9,-,0.3
Kyle Dempsey,1.2,0.6,0.1,0.5
Wes Burns,1.1,0.3,0.1,0.7
Stephen Humphrys,3.3,1.4,0.3,1.6
Jake Beesley,1.6,0.1,0.3,1.1
Tom Naylor,1.1,0.6,0.1,0.4
Greg Docherty,1.6,1,-,0.6
Cian Bolger,0.6,0.1,-,0.5
Reece Burke,0.4,0.1,0.1,0.2
Lloyd Jones,0.2,-,-,0.1
Jacob Greaves,0.6,-,0.3,0.4
Luke Matheson,-,-,-,-
Hayden Carter,1,0.1,0.1,0.8
Tom Anderson,0.5,-,0.1,0.4
Peter Kioso,0.7,0.1,-,0.6
Lewis Montsma,0.5,0.2,0.1,0.2
Aristote Nsiala,0.3,-,0.2,0.1
Stuart Moore,-,-,-,-
Elliott Moore,0.7,-,0.1,0.6
Akin Famewo,0.1,-,-,0.1
Luke O'Nien,0.6,-,0.1,0.5
Jonny Smith,2.1,0.8,0.1,1.3
Sam Stubbs,0.4,-,-,0.4
Bailey Wright,0.7,-,0.1,0.5
Kenneth Dougall,0.6,0.3,0.1,0.3
Ellis Simms,2.3,0.1,0.4,1.7
Kal Naismith,1.6,0.8,0.1,0.8
Matt O'Riley,2,1.3,-,0.7
James Henry,1.9,1,0.1,0.9
Liam Bridcutt,0.4,0.3,-,-
Jerry Yates,1.9,0.4,0.3,1.3
Luke Woolfenden,0.2,-,-,0.1
Liam Millar,1.4,0.5,-,0.8
Matty Taylor,1.8,0.3,0.4,1.1
Conor McLaughlin,0.4,0.1,-,0.2
Gwion Edwards,1.5,0.8,0.1,0.6
Brennan Johnson,2.3,0.7,0.1,1.5
George Cooper,2,1.3,-,0.8
Mikael Mandron,1.5,0.2,0.2,1.1
Marvin Ekpiteta,0.4,-,0.1,0.3
Harry Chapman,1.5,0.6,-,0.9
Sean McConville,1.5,1,-,0.5
Jordan Jones,1.6,0.8,0.1,0.8
Luke Leahy,1,0.3,0.2,0.6
Joe Wright,0.3,-,0.1,0.2
Matthew Pennington,0.3,-,0.1,0.2
Sean Clare,1,0.8,-,0.3
Matthew Millar,1.4,0.2,0.2,1
Dion Charles,2.7,0.7,0.3,1.6
Josh Vela,1,0.6,-,0.3
Tom Flanagan,0.5,0.1,0.2,0.3
Ian Maatsen,0.9,0.5,-,0.3
Aaron Pierre,1,0.1,0.2,0.7
Joshua Emmanuel,0.2,0.1,-,0.1
Josh Magennis,1.6,0.3,0.3,0.9
Jack Whatmough,0.6,0.1,0.1,0.4
George Johnston,0.3,0.1,-,0.2
Callum Connolly,0.7,0.1,0.1,0.5
Curtis Tilt,0.7,-,0.1,0.6
Sam Hughes,0.4,-,0.4,-
Sullay Kaikai,1.7,0.8,-,0.9
Fraser Horsfall,0.8,0.1,0.1,0.7
Oliver Rathbone,1.7,1.2,0.1,0.5
Billy Jones,1,0.3,-,0.7
Tom Hopper,1,0.1,0.3,0.6
Charlie Kirk,1.4,0.3,0.1,0.9
Keane Lewis-Potter,2.2,0.7,0.1,1.4
Luke Chambers,0.4,0.1,0.1,0.3
Shaun Whalley,1.5,0.7,-,0.7
Andy Butler,0.3,-,0.1,0.2
Robert Apter,1,-,-,1
Conor McGrandles,0.6,0.2,0.1,0.4
Callum Camps,1.7,1,-,0.7
Mark Hughes,0.1,0.1,-,0.1
Chuks Aneke,2.3,0.3,0.3,1.6
Denver Hume,0.7,0.2,-,0.5
Cameron Pring,-,-,-,-
Tom James,1.2,0.9,0.1,0.3
Andrew Shinnie,0.7,0.4,-,0.3
Cameron Jerome,1.8,0.1,0.2,1.4
Sammie Szmodics,2.6,0.9,-,1.6
Conor Grant,1.2,1.1,-,0.2
Marcus Harness,1.1,0.4,-,0.7
Eoghan O'Connell,0.6,0.3,0.1,0.3
Ethan Ebanks-Landell,0.4,-,0.1,0.2
Joe Walsh,0.3,-,0.1,0.3
Nathanael Ogbeta,1.2,0.7,-,0.5
Ayoub Assal,1.3,0.1,0.2,1
Oliver Norburn,0.6,0.3,-,0.3
Harry Pickering,0.7,0.4,-,0.3
Charlie Daniels,0.7,0.4,-,0.4
Adam Jackson,0.4,-,-,0.4
Scott Wootton,0.6,0.1,0.2,0.3
Cameron Brannagan,1.7,1.2,-,0.5
Grant Leadbitter,0.9,0.7,-,0.2
Josef Bursik,-,-,-,-
Zech Medley,0.5,0.1,0.1,0.3
Luke O'Neill,0.3,0.3,-,-
John Marquis,2.4,0.5,0.3,1.6
Tayo Edun,0.2,0.1,-,0.1
Ethan Laird,0.8,0.2,-,0.6
Taylor Richards,2,1.3,-,0.7
Ben Barclay,0.3,-,-,0.2
Elliot Lee,1.7,0.8,0.1,0.8
Lynden Gooch,1.3,0.7,0.1,0.6
Richard Smallwood,0.5,0.5,-,-
Jack Baldwin,0.6,0.1,0.1,0.4
Louis Jones,-,-,-,-
Aaron Morley,0.6,0.5,-,0.1
Kane Hemmings,1.4,0.4,0.2,0.9
Will Jaaskelainen,-,-,-,-
CJ Hamilton,2.1,0.5,-,1.6
John Brayford,0.9,0.2,0.1,0.6
Joseph Mills,0.6,0.4,-,0.1
Callum Lang,2.3,0.6,0.5,1.2
Gary Madine,1.8,0.4,0.1,1.3
Josh Sims,1.1,0.3,0.1,0.8
Alfie Jones,0.2,-,-,0.2
Tom Pearce,0.5,0.3,-,0.2
Owen Dale,1.5,0.3,0.3,0.9
James Hill,0.5,-,0.2,0.3
Andre Dozzell,0.4,0.4,-,-
Tyreece John-Jules,2,0.4,0.1,1.4
Lucas Akins,1.2,0.3,0.1,0.8
Tendayi Darikwa,0.6,0.4,-,0.2
Elliot Embleton,1.7,1,-,0.7
Nathan Cameron,-,-,-,-
George Long,-,-,-,-
Matthew Virtue-Thick,0.8,0.3,0.1,0.4
Adedeji Oshilaja,0.1,0.1,0.1,-
James Husband,0.2,-,-,0.1
Alfie Kilgour,0.7,0.1,0.1,0.6
Marcus McGuane,1.2,0.7,-,0.5
Jayson Leutwiler,-,-,-,-
Dejan Iliev,-,-,-,-
Max Power,1.1,0.6,-,0.5
Charlie Mulgrew,0.7,0.4,0.1,0.2
Kieron Freeman,0.5,0.5,-,-
Michael Bostwick,0.6,0.3,-,0.3
Callum Johnson,0.1,0.1,-,-
Dean Lewington,0.1,0.1,-,-
Ben Amos,-,-,-,-
Darnell Johnson,0.6,-,0.1,0.5
Daniel Batty,0.9,0.4,0.1,0.4
Terell Thomas,0.3,-,-,0.3
Oliver Turton,0.3,0.1,0.1,0.1
Ched Evans,2.1,0.4,0.1,1.6
Barrie McKay,1,0.5,-,0.5
Nesta Guinness-Walker,0.3,0.3,-,0.1
Joe Garner,2,0.7,-,1.3
Dion Sanderson,0.3,-,0.1,0.2
Ryan Williams,1.3,0.5,0.1,0.8
Will Aimson,0.5,0.1,0.1,0.4
Alex Palmer,-,-,-,-
Flynn Downes,0.3,0.1,-,0.2
Chris Maguire,1.3,0.9,-,0.4
Sam Hoskins,2.1,1.1,-,1
Harry Darling,0.7,0.3,-,0.4
Timothy Eyoma,0.2,-,-,0.1
Josh Scowen,0.9,0.4,-,0.5
Paul Downing,0.3,-,-,0.3
Carlton Morris,1.6,0.5,0.1,1
Alex Rodriguez,0.2,0.2,-,-
Sam Finley,0.9,0.8,-,0.1
Luke Offord,0.2,-,0.1,0.1
Will Keane,1.2,0.3,0.3,0.5
Jason Pearce,0.5,-,0.1,0.4
Scott Twine,3.2,2.6,-,0.6
Josh Eccles,0.9,0.7,-,0.3
Ryan Wintle,0.8,0.6,-,0.2
James Bolton,0.8,-,0.2,0.6
Regan Poole,0.6,0.2,0.2,0.3
Joseph Dodoo,0.9,0.1,0.2,0.7
Ben Watson,0.5,0.3,-,0.2
Chris Maxwell,-,-,-,-
Andrew Cannon,0.7,0.7,-,0.1
Reece Brown,0.6,0.5,-,0.2
Reece James,1.1,0.4,-,0.6
Panutche Camará,1.2,0.5,-,0.7
Luke McCormick,1.9,1.2,-,0.8
William Grigg,1.6,0.2,0.5,1
Jordan Willis,0.1,-,-,0.1
Alex Gilbey,1.4,0.3,0.1,1
Danny Andrew,0.8,0.6,-,0.3
Janoi Donacien,0.2,0.1,-,0.1
Alan Judge,1.6,1,0.1,0.5
Teddy Bishop,0.8,0.5,-,0.3
Darnell Johnson,0.8,-,-,0.8
James Norwood,2,0.2,0.3,1.5
Ollie Palmer,1.2,-,0.2,1
Ross Stewart,1.3,0.2,0.2,1
Michael Nottingham,0.7,-,-,0.7
Jordan Rossiter,0.4,0.3,-,0.1
Ellis Harrison,1.6,0.4,0.2,1
Anthony Forde,0.6,0.4,-,0.2
Joshua Earl,0.1,-,-,0.1
Jack Stevens,-,-,-,-
Myles Kenlock,0.2,0.1,-,0.1
Stephen Ward,0.3,0.1,-,0.1
Thomas O'Connor,0.4,0.2,-,0.1
Christy Pym,-,-,-,-
Ben Garratt,-,-,-,-
Danny Mayor,1.7,0.8,-,0.8
Charles Vernam,1.9,0.9,0.1,0.8
Harvey Rodgers,1,0.3,0.1,0.7
Steve Arnold,-,-,-,-
Jed Ward,-,-,-,-
Tomas Holy,-,-,-,-
Michael Jacobs,1,0.4,-,0.6
Seamus Conneely,0.5,0.3,-,0.2
Funso Ojo,0.5,0.2,-,0.3
Regan Poole,1.3,0.6,0.1,0.7
Joseph Maguire,0.4,0.4,-,-
Lee Brown,0.3,0.2,-,0.1
Matt Butcher,1.8,1.6,-,0.2
Zain Westbrooke,1,0.7,0.1,0.2
Ryan Longman,2,0.6,0.1,1.4
Brett Pitman,1.8,0.4,0.2,1.3
Jack Bonham,-,-,-,-
Brett McGavin,0.2,0.2,-,-
George Williams,0.6,0.1,0.1,0.4
Tom Lowery,1,0.5,0.1,0.4
Lee Burge,-,-,-,-
Nikola Tzanev,-,-,-,-
Jack Payne,1.5,0.8,-,0.7
Louis Reed,0.8,0.7,-,0.1
Shaun McWilliams,0.1,0.1,-,-
Oliver Lancashire,0.3,-,-,0.3
Alex Rodman,1.1,0.4,-,0.6
Olamide Shodipo,1.5,0.7,0.1,0.7
Joe Powell,1.6,1.3,-,0.4
Matthew Smith,1,0.5,-,0.5
Sean Goss,1.2,1,-,0.3
Craig MacGillivray,-,-,-,-
Brad Halliday,0.7,0.4,-,0.2
Mickel Miller,1.1,0.4,-,0.7
Jack Rudoni,1.6,0.6,0.1,0.8
Alan Sheehan,0.5,0.3,-,0.2
Ro-Shaun Williams,0.1,-,-,-
Diallang Jaiyesimi,0.6,0.3,0.1,0.3
Ollie Younger,-,-,-,-
Ellery Balcombe,-,-,-,-
Omar Beckles,0.4,-,-,0.4
Josh Parker,0.7,0.3,0.2,0.2
Matthew Smith,0.6,0.4,-,0.2
Kevin Stewart,0.5,0.4,-,0.1
Sam Nicholson,1.9,0.8,0.1,1
Sean Roughan,0.3,-,-,0.3
Paddy Madden,1.8,0.4,0.3,1.1
Michael Mancienne,0.2,0.1,-,0.1
Colin Daniel,0.2,-,0.1,0.1
Danny Rose,1,0.3,0.1,0.6
Marlon Fossey,0.1,-,-,0.1
David Kasumu,0.2,0.2,-,-
Kane Vincent-Young,0.7,0.3,0.1,0.3
James Jones,1.4,0.8,0.1,0.6
Ryan Watson,1.4,0.8,0.1,0.5
Kyle Joseph,1.8,0.1,0.2,1.5
Conor Washington,1.3,0.1,0.1,1
Jay Lynch,-,-,-,-
Jordan Garrick,0.6,0.1,0.1,0.5
Aiden O'Brien,1.5,0.3,0.2,1
Tom Broadbent,0.4,-,0.2,0.3
Max Ehmer,0.5,-,0.2,0.3
Grant Ward,0.6,0.4,-,0.2
Harry Anderson,0.9,0.3,-,0.6
Matt Ingram,-,-,-,-
Harrison Burrows,0.7,0.2,-,0.5
Niall Canavan,0.4,-,0.1,0.3
Matthew Palmer,0.3,0.2,-,0.1
Archie Matthews,-,-,-,-
Michael Cooper,-,-,-,-
Oliver Finney,1.9,0.4,0.2,1.4
Curtis Main,1,0.1,0.2,0.7
Jordan Lawrence-Gabriel,0.1,-,-,0.1
Brad Walker,0.6,0.3,-,0.3
Gerard Garner,1.4,0.4,0.1,0.8
Pablo Martinez,0.3,0.1,-,0.1
Richard Keogh,0.3,0.1,-,0.3
Joshua Daniels,0.7,0.3,0.1,0.4
Josh Grant,0.7,0.3,-,0.3
Bryn Morris,0.8,0.6,-,0.2
Luke Robinson,0.4,0.3,-,0.1
Warren O'Hora,0.2,-,0.1,0.1
Marc Pugh,1.3,0.6,0.3,0.4
Fejiri Okenabirhie,1.5,0.3,0.1,1.1
Adam Matthews,-,-,-,-
Gavin Whyte,0.7,0.2,-,0.5
Ben Heneghan,0.3,-,-,0.3
David Cornell,-,-,-,-
Jake Vokins,0.3,-,-,0.3
Joe Walsh,-,-,-,-
Gabriel Osho,0.5,0.1,-,0.5
Luke Jephcott,1.6,0.3,0.3,1.1
Demetri Mitchell,1.2,0.6,-,0.6
Cian Harries,0.2,0.1,-,0.1
Olly Lee,1.8,0.7,0.2,1
Steve Seddon,0.9,0.2,0.1,0.7
Josef Bursik,-,-,-,-
Conor Shaughnessy,0.7,0.4,0.1,0.3
Luke Murphy,0.5,0.3,0.1,0.2
Emyr Huws,1.6,0.3,0.1,1.1
Toby Savin,-,-,-,-
Jon Taylor,1.2,0.3,0.1,0.8
Ed Upson,0.8,0.5,-,0.2
Niall Ennis,1.5,0.2,0.3,1.1
Anthony Grant,0.4,0.2,0.1,0.1
Tristan Nydam,-,-,-,-
Rio Adebisi,0.5,0.1,0.1,0.3
Jimmy Keohane,0.9,0.1,0.1,0.6
Anthony Scully,1.1,0.4,0.1,0.6
John Akinde,1,0.1,0.1,0.8
Dave Richards,-,-,-,-
Idris Kanu,0.5,-,0.1,0.4
Callum McFadzean,0.3,-,-,0.3
Stephen Sama,0.3,-,0.3,-
Viv Solomon-Otabor,0.8,0.2,-,0.5
Adam Phillips,1.9,1.2,-,0.7
James Vennings,-,-,-,-
Morgan Boyes,-,-,-,-
Liam Kelly,0.6,0.5,-,0.1
Diallang Jaiyesimi,1.8,0.9,0.1,0.9
Kyle Vassell,2,0.3,0.1,1.6
Andrew Fisher,-,-,-,-
Ben Purrington,0.3,-,0.1,0.1
Chris Merrie,0.4,0.2,-,0.2
Lee Camp,-,-,-,-
Sean Clare,0.3,0.2,-,0.1
Antony Evans,0.9,0.5,-,0.4
Joe Edwards,0.9,0.2,0.2,0.5
George Williams,0.3,-,-,0.3
Ryan Jackson,-,-,-,-
Alex Cairns,-,-,-,-
Tyrese Fornah,0.4,0.3,-,-
Jon Nolan,0.8,0.3,-,0.5
Cohen Bramall,0.5,0.4,-,0.1
Paul McShane,0.3,0.1,-,0.3
Darren Pratley,0.5,0.1,-,0.3
Liam Gibbs,-,-,-,-
David Davis,0.3,0.1,-,0.1
Jack Diamond,0.5,0.1,-,0.4
Paul Coutts,0.2,0.2,-,-
Shane McLoughlin,0.3,0.1,-,0.2
Hakeeb Adelakun,1.2,0.5,0.1,0.6
Donervon Daniels,0.3,0.1,0.1,0.2
Rasmus Nicolaisen,0.5,-,0.1,0.4
John Bostock,0.7,0.6,-,0.1
Matija Sarkic,-,-,-,-
Albie Morgan,0.5,0.2,-,0.3
Chris Gunter,0.2,0.1,-,0.1
Matthew Sorinola,0.7,0.2,-,0.4
Conor Masterson,0.2,-,0.2,-
Ryan McLaughlin,0.2,0.1,-,0.1
Tariq Uwakwe,0.6,0.3,-,0.3
Ben Gladwin,1,0.8,-,0.2
Daniel Csoka,0.2,-,-,0.2
Baily Cargill,0.5,-,-,0.5
Connal Trueman,-,-,-,-
Ryan Hardie,1.6,0.4,0.1,1
Christian Maghoma,0.3,-,-,0.3
Alex Woodyard,0.3,0.2,-,0.1
Madger Gomes,0.9,0.6,-,0.2
Callum Slattery,0.4,0.3,-,0.1
Akinwale Odimayo,0.2,0.1,-,0.1
Omar Bogle,1.3,0.3,0.1,0.9
Brandon Hanlan,1.8,0.3,0.2,1.3
Mark Travers,-,-,-,-
Jordan Obita,0.8,0.3,-,0.5
Oliver Hawkins,0.9,0.1,0.2,0.6
Nathan Wood,0.6,-,0.1,0.5
Cameron John,0.4,0.1,0.1,0.2
Paul Kalambayi,0.1,-,-,0.1
Mike Fondop-Talom,1,0.1,0.3,0.6
Anssi Jaakkola,-,-,-,-
Erhun Oztumer,2,1,-,1
Paul Smyth,1.2,0.6,-,0.6
Anthony Hartigan,0.4,0.3,-,0.1
Thomas Edwards,0.1,0.1,-,-
Donald Love,1,0.4,-,0.6
Gavin Massey,1.1,0.5,0.1,0.4
Nicky Adams,0.6,0.4,-,0.1
Elliot Simoes,1,0.6,0.1,0.3
Matthew Warburton,0.8,0.3,-,0.5
Josh Hare,0.4,0.3,-,0.2
Lewis MacLeod,0.3,0.1,-,0.2
Jamie Jones,-,-,-,-
Christopher Missilou,0.7,0.5,-,0.3
Dominic Samuel,1.5,0.5,0.2,0.8
Ellis Iandolo,0.3,-,-,0.3
Kelland Watts,0.6,0.1,0.1,0.5
Andrew Surman,0.6,0.3,-,0.3
Jonathan Russell,1,0.5,0.1,0.4
Zak Jules,0.7,0.2,0.1,0.5
Dominic Thompson,0.1,0.1,-,-
Jordi van Stappershoef,0.1,-,-,0.1
Daniel Harvie,0.6,0.2,-,0.4
Kwadwo Baah,0.8,0.3,-,0.5
Thelo Aasgaard,0.8,0.3,-,0.5
James Coppinger,1,0.4,-,0.5
Stephen Quinn,0.9,0.6,-,0.3
Troy Parrott,1.3,0.4,0.1,0.8
Tom Eaves,1,0.1,0.2,0.7
Jonathan Mitchell,-,-,-,-
Joe Day,-,-,-,-
Ben Blythe,-,-,-,-
Carl Winchester,0.8,0.2,-,0.5
Scott Robertson,0.7,0.5,-,0.3
Mark Sykes,1,0.4,0.1,0.4
Frank Nouble,1.2,0.2,-,1
Harrison Holgate,0.1,-,0.1,0.1
Scott Golbourne,0.1,0.1,-,-
Jimmy McNulty,0.1,-,-,0.1
Joe Lumley,-,-,-,-
Keshi Anderson,1.5,0.6,0.1,0.9
Mathieu Baudry,0.5,-,0.1,0.4
Jonathan Grounds,0.4,-,0.1,0.4
Mohammed Sangare,1,1,-,-
Callum Brittain,0.5,-,0.3,0.3
Tom Bloxham,0.8,-,-,0.8
John-Joe O'Toole,0.3,0.1,-,0.2
Mark Marshall,0.6,0.2,-,0.3
Sam Winnall,0.9,0.1,0.1,0.7
Dion Conroy,0.2,0.1,-,0.2
Robbie McKenzie,0.3,0.2,-,0.1
Dan Gardner,0.4,0.2,-,0.2
Joe Mason,1.3,0.3,0.1,0.9
Callum Reilly,0.5,0.1,-,0.3
Emeka Obi,0.8,-,-,0.8
Jonah Ayunga,1.7,0.6,-,1.1
Ben Close,0.3,0.1,-,0.2
Abraham Odoh,-,-,-,-
Rayhaan Tulloch,0.5,-,-,0.5
Jordan Lyden,0.2,-,-,0.2
Alex Newby,1.2,0.4,-,0.8
Danny Rowe,1.1,0.5,0.1,0.5
Christopher Missilou,0.8,0.5,-,0.3
Matthew Palmer,0.3,0.1,-,0.2
Alexander MacDonald,0.9,0.5,-,0.4
Abu Ogogo,1,0.7,-,0.3
Jonathan Williams,0.4,0.2,0.2,0.1
Glenn Whelan,0.2,0.2,-,-
Joel Cooper,0.5,-,-,0.5
Tyler Smith,1.2,0.1,0.1,1
Omar Bogle,1.9,0.6,0.1,1.1
Gareth Evans,-,-,-,-
MJ Williams,0.3,0.3,-,-
Callum Ainley,0.8,0.5,-,0.4
Jack Sowerby,0.6,0.4,-,0.2
Alex Perry,0.3,0.1,-,0.1
Remi Matthews,-,-,-,-
Charlie Daniels,0.6,0.4,-,0.2
Armando Dobra,0.8,0.2,-,0.6
Kieran Wallace,0.1,0.1,-,-
Daniel Udoh,0.7,0.1,0.1,0.5
Louis Thompson,0.4,0.2,-,0.2
Ryan Edwards,0.6,0.1,-,0.5
Terry Taylor,0.4,0.3,-,0.1
Adam Lewis,0.5,0.3,0.1,0.2
Jimmy Ryan,0.6,0.6,-,0.1
Dion Donohue,0.3,0.3,-,-
Cheye Alexander,0.2,0.1,-,0.1
Paul Caddis,0.3,0.2,-,0.1
Chris Porter,0.7,-,0.1,0.5
Scott Robertson,0.2,0.1,-,0.1
Matt Done,0.8,0.3,-,0.5
Declan Drysdale,0.4,0.3,-,0.1
Callum Morton,1.1,0.2,0.1,0.7
Daniel Agyei,1,0.2,0.1,0.7
Ethan Hamilton,0.8,0.6,-,0.2
Mark Little,-,-,-,-
Jordan Houghton,0.2,0.2,-,0.1
Danny Amos,0.5,0.5,-,-
Regan Slater,0.1,0.1,-,-
Gavin Bazunu,-,-,-,-
Gary Roberts,1,0.5,-,0.5
Kieran O'Hara,-,-,-,-
Keanan Bennetts,1,0.4,-,0.6
Hallam Hope,0.9,0.2,-,0.7
Paul Smyth,0.9,0.1,0.1,0.6
Dylan Levitt,1.3,1.3,-,-
Owen Gallacher,0.2,0.1,-,0.1
Jason Lokilo,0.8,0.3,-,0.5
Flynn Clarke,1.3,0.8,-,0.5
Jack Lankester,0.4,0.1,0.1,0.3
Ryan Edmondson,0.9,0.1,0.1,0.7
Jamie Proctor,1,0.3,-,0.7
Niall Mason,0.1,-,-,-
Remy Howarth,0.7,0.2,0.1,0.5
Harvey White,0.7,0.4,-,0.3
Lasse Sørensen,0.5,0.2,-,0.3
Jan Zamburek,0.5,0.2,-,0.3
Adam Long,0.2,-,-,0.2
Matej Kovar,-,-,-,-
Michael Harriman,0.2,-,-,0.2
Jaakko Oksanen,0.3,0.3,-,-
Stephen Dooley,0.5,0.2,-,0.3
Stuart O'Keefe,0.4,0.3,-,0.1
Macauley Bonne,1.7,-,0.7,1
Luke McCormick,-,-,-,-
Jonny Smith,2,0.7,0.1,1.3
Robbie Gotts,0.4,0.1,-,0.3
Jamie Hanson,0.1,-,-,0.1
Bryn Morris,0.2,0.1,-,0.1
Jerome Opoku,0.2,-,-,0.2
Josh McEachran,0.1,0.1,-,-
George Lapslie,-,-,-,-
Ethan Robson,0.4,0.2,-,0.1
Leon Clarke,1.3,-,0.3,1
Byron Moore,0.3,0.1,0.1,0.2
Mark Duffy,0.1,-,-,0.1
Frazer Blake-Tracy,0.1,0.1,-,-
David Tutonda,0.5,0.2,0.1,0.3
Haydon Roberts,0.1,-,-,0.1
Scott High,0.5,0.5,-,-
Harry Burgoyne,-,-,-,-
Branden Horton,0.1,0.1,-,-
Daniel Crowley,0.6,0.4,-,0.2
Ryan Broom,0.5,0.2,0.2,0.2
Ethan Chislett,0.7,0.3,-,0.3
Daniel Powell,0.9,-,0.1,0.8
David Morgan,0.6,0.4,-,0.3
Jacob Mellis,1.3,0.9,-,0.4
Jay Matete,-,-,-,-
Elliot Embleton,1.6,0.8,-,0.8
Conor Grant,0.7,0.1,0.2,0.4
Josh Morris,0.8,0.3,-,0.5
Marcus Maddison,0.8,0.6,-,0.1
Ryan Cassidy,0.7,0.1,0.2,0.5
Charlie Barker,-,-,-,-
Ryan Rydel,0.4,0.1,-,0.3
David Edwards,0.3,0.1,-,0.2
Stephen Walker,1,0.4,0.1,0.5
Jordan Stevens,0.5,0.2,-,0.2
Ben Fox,0.4,0.4,-,-
Scott Wootton,0.2,0.2,-,-
Erhun Oztumer,1,0.5,-,0.5
Jason Cummings,2.1,1.1,-,1
George Byers,1.1,0.8,0.1,0.1
Ricky Holmes,0.4,0.2,0.1,0.1
Ricky Korboa,0.6,0.3,-,0.3
Lee Nicholls,-,-,-,-
Mohamed Eisa,1.1,0.4,-,0.7
James Daly,0.7,0.3,-,0.4
Anthony Greaves,0.1,-,-,0.1
Chris Lines,0.3,-,-,0.3
Sam Walker,-,-,-,-
Alexander Jones,0.8,0.1,-,0.7
Luka Racic,0.3,0.2,-,0.2
James Scott,0.5,0.2,0.1,0.2
Haji Mnoga,-,-,-,-
Harry Perritt,0.5,0.5,-,-
Aaron Drinan,0.5,-,0.2,0.3
Robert Hall,0.4,0.1,0.1,0.2
Daniel Kemp,0.5,0.1,-,0.4
Indiana Vassilev,0.6,0.1,-,0.5
Rob Hunt,0.1,0.1,-,0.1
Ali Koiki,0.3,-,0.1,0.2
Joe Hilton,-,-,-,-
Joel Grant,0.3,0.1,-,0.2
Ben Liddle,0.3,-,-,0.3
Daniel Fox,-,-,-,-
Freddie Sears,1.2,0.5,-,0.6
Luke Thomas,1,0.2,-,0.8
Daniel Batty,-,-,-,-
Ricky-Jade Jones,0.4,-,0.1,0.3
Ciaran Gilligan,0.3,0.2,-,0.2
George Dobson,1,0.4,-,0.6
Harvey Saunders,0.7,0.1,0.1,0.5
Zach Clough,0.7,0.3,0.1,0.3
Ryan Barnett,0.1,0.1,-,-
Ben Reeves,0.5,0.4,-,0.1
Jack Roles,0.5,0.5,-,-
Stephen Walker,0.3,0.1,-,0.2
Ryan Sears,-,-,-,-
Niall Ennis,0.8,0.1,-,0.7
Ezekiel Fryers,0.1,-,0.1,-
John Mousinho,0.1,-,-,0.1
Ben Woodburn,0.5,0.3,-,0.2
Sam Woods,0.1,-,-,0.1
Shilow Tracey,-,-,-,-
Ryan Broom,0.3,0.1,0.1,0.1
Travis Johnson,-,-,-,-
Caleb Chukwuemeka,0.3,-,-,0.3
Neal Eardley,0.5,0.4,-,0.1
Jayden Mitchell-Lawson,-,-,-,-
Kayden Jackson,0.6,0.1,0.1,0.4
Bez Lubala,1.3,0.8,-,0.5
Jordan Michael Flores,-,-,-,-
Jojo Wollacott,-,-,-,-
Matthew Smith,-,-,-,-
Jay Bird,-,-,-,-
Shayden Morris,0.4,-,0.2,0.2
Steven Lawless,0.5,0.4,-,0.1
Rekeil Pyke,0.3,-,-,0.3
Cole Skuse,-,-,-,-
Zak Elbouzedi,0.5,-,-,0.5
Max Sanders,-,-,-,-
Zain Walker,0.5,0.2,-,0.4
Finley Craske,-,-,-,-
Lirak Hasani,-,-,-,-
William Grigg,0.9,-,0.2,0.7
Charlie Brown,0.4,-,0.2,0.2
Max Melbourne,0.3,-,-,0.3
Leon Chambers-Parillon,-,-,-,-
Henry Woods,-,-,-,-
Thomas Mayer,0.5,0.3,-,0.2
Dominic Telford,1,0.3,0.1,0.7
Trae Coyle,0.5,0.2,-,0.3
Martin Samuelsen,0.2,0.2,-,-
Josh Harrop,0.5,0.3,-,0.2
Nathan Sheron,-,-,-,-
Tolaji Bola,0.2,-,-,0.2
Taylor Curran,0.1,-,0.1,-
Harrison Biggins,0.6,0.2,-,0.4
Danny Graham,0.9,0.1,0.1,0.6
Theo Archibald,0.4,-,-,0.4
Tyreke Johnson,0.9,0.3,-,0.6
Callum Jones,-,-,-,-
Regan Griffiths,-,-,-,-
Oliver Crankshaw,0.1,-,0.1,0.1
Sam Nombe,1,0.8,0.3,-
Charlie Caton,0.3,-,-,0.3
Joe Martin,0.2,-,-,0.2
Oliver Sarkic,0.2,0.2,-,-
Adler Nascimento,-,-,-,-
Cameron Hargreaves,0.2,-,-,0.2
Ryan Law,0.5,-,-,0.5
Simon Eastwood,-,-,-,-
Fabio Tavares,0.4,0.2,-,0.3
Shayon Harrison,-,-,-,-
Ronnie Schwartz,0.4,0.1,-,0.3
Bradley Holmes,0.2,0.2,-,-
Jordy Hiwula-Mayifuila,0.7,0.2,-,0.4
John Freeman,-,-,-,-
Paul Osew,-,-,-,-
Benny Ashley-Seal,0.3,-,-,0.3
Josh Lundstram,0.3,-,-,0.3
Tom Hewlett,-,-,-,-
Ed Williams,-,-,-,-
Klaidi Lolos,0.4,0.1,-,0.3
Josh Barrett,0.3,0.1,-,0.2
Harry McHugh,-,-,-,-
Nathan Shaw,-,-,-,-
Lewis Mansell,0.5,-,-,0.5
Harrison Hopper,-,-,-,-
Joe Grayson,0.5,0.3,-,0.3
Joe Nuttall,-,-,-,-
Tom Scully,-,-,-,-
Corey Whelan,0.1,-,-,0.1
Jamie Soule,-,-,-,-
Ollie Tomlinson,-,-,-,-
Max Dyche,-,-,-,-
Billy Chadwick,-,-,-,-
Matty Willock,0.3,0.1,0.1,0.1
Daniel Neil,-,-,-,-
James Morton,-,-,-,-
Liam Cross,-,-,-,-
Sean McLoughlin,-,-,-,-
Tyreece Simpson,-,-,-,-
Connal Trueman,-,-,-,-
Charlie Jolley,-,-,-,-
Gary Roberts,-,-,-,-
Adam Roscrow,0.3,0.2,-,0.2
Tyrese Omotoye,0.1,-,-,0.1
Thomas Mehew,1,1,-,-
Lewis Johnson,-,-,-,-
Zach Robinson,0.2,-,0.2,-
Thomas Allan,0.3,0.3,-,-
Gerald Sithole,-,-,-,-
Jack Vale,-,-,-,-
Timmy Abraham,-,-,-,-
Offrande Zanzala,0.2,-,-,0.2
Luke Varney,-,-,-,-
Harry Parsons,-,-,-,-
Barry Baggley,-,-,-,-
Morgan Roberts,-,-,-,-
Mitchell Curry,-,-,-,-
Charlie O'Connell,-,-,-,-
Kyle Barker,-,-,-,-
Brooklyn Ilunga,-,-,-,-
Derick Osei Yaw,-,-,-,-
Ethan Brierley,0.2,0.2,-,-
Jack Davies,-,-,-,-
Rhys-James Fenlon,-,-,-,-
Will Blackmore,-,-,-,-
Reece Hutchinson,-,-,-,-
Harry Wood,-,-,-,-
Joe Fryer,-,-,-,-
Owen Evans,-,-,-,-
Dillon Barnes,-,-,-,-
