Name,Tackles,Inter,Fouls,Offsides,Clear,Drb,Blocks,OwnG
Jökull Andrésson,-,-,-,-,1,-,-,-
James Vaughan,0.6,0.2,2.4,-,1.3,0.3,0.2,-
Scott Twine,1,0.5,0.4,-,0.1,0.5,-,-
Callum Guy,2.6,2.3,0.9,0.1,1.8,1.1,0.2,-
William Boyle,1.2,0.8,1.4,0.4,3.2,0.2,0.3,-
Tom Conlon,2.3,1.2,1.3,-,1,1.5,0.2,-
Paudie O'Connor,1.7,1.8,1.3,0.5,5.6,0.4,0.9,1
Mickey Demetriou,1.6,1.4,0.7,0.5,4.2,0.5,0.6,2
Jordan Tunnicliffe,1.5,1.3,0.7,0.4,5.1,0.2,0.8,-
Emmanuel Adebowale,3,6,1,3,2,2,-,-
Wes Hoolahan,1.3,0.6,0.9,-,0.1,1.4,-,-
Antoni Sarcevic,2,0.6,0.7,-,1.4,0.7,0.2,-
Carl Piergianni,1.7,1.8,1.1,0.6,6.9,0.3,0.9,2
Ricardo Santos,1.5,0.9,1.1,0.3,6.2,0.2,0.7,1
Joshua Kayode,0.7,0.5,1.5,-,0.9,0.3,0.1,-
Anthony O'Connor,1.4,2,0.8,0.4,4.2,0.3,0.8,-
Terence Vancooten,1.5,2.8,0.9,0.2,4.4,0.3,1,1
Max Watters,0.2,0.3,1.1,-,0.1,0.2,-,-
Conor Wilkinson,1,0.5,1.4,-,1.4,0.6,0.2,-
George Thomson,1.1,1.1,0.6,-,1.5,0.7,0.1,-
David Worrall,1,0.5,1.1,-,0.8,0.5,0.1,-
Di'Shon Bernard,2.3,1.5,1.6,0.3,3.1,0.2,0.5,-
Jamille Matt,0.6,0.3,2.4,-,1.1,0.3,-,-
Jordan Turnbull,1.4,1.5,1.1,0.4,3.9,0.2,0.5,1
Peter Clarke,0.8,1.1,1,0.3,4,0.3,0.8,-
Yann Songo'o,1.6,1.4,1.6,0.1,3.3,0.5,0.7,1
Alex Baptiste,1.6,1.2,0.7,0.4,4.4,0.3,0.8,-
Emmanuel Onariase,1.3,2.3,1.1,0.8,5.3,0.2,0.9,1
Aaron Hayden,1.2,1.7,1.2,0.5,4.6,0.3,0.5,-
Aaron Martin,0.8,0.2,2.4,-,1,0.4,0.2,-
Tom Pett,2.8,1.7,0.7,-,1,0.8,0.2,-
Peter Kioso,2.2,0.5,1.7,-,1.8,0.4,0.2,-
Shaun Brisley,1,1.4,1,0.3,5.4,0.2,0.6,-
Tom Davies,1.2,2.4,0.6,0.3,4.3,0.3,0.7,-
Oladapo Afolayan,1.7,0.4,1.6,-,0.6,1.2,0.1,-
Matt Jay,1,0.5,0.6,-,0.2,0.4,-,-
George Lapslie,1.9,1,2,-,0.9,0.8,0.2,-
Brandon Cooper,1.2,1.5,1.3,0.1,2.9,0.3,0.6,-
Joe Ironside,0.2,-,2,-,0.8,0.1,0.1,-
Max Wright,1.7,2,0.8,-,0.5,0.3,-,-
Thomas McGill,-,1,-,-,-,-,-,-
Ibou Touray,1.8,1,1.2,0.2,1.9,0.4,0.2,-
Rory Holden,0.8,0.2,0.8,-,0.3,0.5,0.1,-
Paul Digby,2.7,1.1,1.4,-,2.7,0.7,0.2,-
Andy Cook,0.4,0.1,1.6,-,1.1,0.6,0.2,-
Matthew Platt,1.3,0.9,1,1.1,6.8,0.3,0.6,-
Paul Mullin,0.7,0.2,1.7,-,0.1,0.4,-,-
Rhys Bennett,1.6,1.6,0.9,0.5,4.3,0.3,0.4,-
Rory McArdle,1,1,1.1,0.4,5,0.4,0.6,-
Dylan Bahamboula,1,0.5,0.7,-,0.3,0.3,-,-
Luther Wildin,2.4,1.7,0.8,0.3,2.2,0.6,0.3,-
Declan Drysdale,1.1,2.1,1,0.5,3.8,0.2,0.6,-
Adam Phillips,1.1,0.7,0.4,0.1,0.6,0.7,0.1,-
Leon Legge,0.7,0.8,0.9,0.5,6.4,0.1,0.6,-
Carlos Mendes Gomes,2.3,0.6,1,-,0.2,0.8,0.1,-
Tom Nichols,1.1,0.3,2.4,-,1.1,0.3,0.1,-
Nicky Cadden,0.7,0.3,0.4,-,0.7,0.3,0.1,-
Greg Taylor,1.3,1.4,0.7,0.5,5,0.2,0.8,2
Jack Powell,1.9,1.5,1.1,-,1,1.2,0.3,-
George Tanner,2.8,1.7,0.9,0.2,2.3,0.6,0.2,-
Ryan Bowman,0.5,0.1,1.9,-,1,0.2,0.1,-
Michael Jones,1.8,1.5,1.4,0.2,1.3,1.2,0.3,-
Dan Scarr,0.5,1.3,0.6,0.5,3.7,0.1,0.9,1
Aaron Wildig,1.4,0.6,0.8,-,0.6,0.4,0.3,-
Scott Cuthbert,0.9,1.4,0.8,0.5,5.3,0.1,0.5,-
Danny Rowe,0.8,0.1,1.5,-,1,0.7,0.2,-
Timothee Dieng,2,1.3,1.9,0.2,2.9,1,0.3,-
Chris Hussey,1.1,0.7,0.5,0.2,1.4,0.4,0.2,-
Ashley Eastham,0.7,1.6,0.4,0.5,3.6,0.2,0.7,-
Baily Cargill,1.8,1.2,0.7,0.2,2,0.6,0.4,-
James Clarke,0.5,1.5,0.5,-,3.5,1,1,-
Jake Taylor,2.1,1.2,1.5,-,1.2,0.7,0.2,-
Thomas Eastman,1.1,1.4,0.8,0.4,4.6,0.2,0.9,-
James Perch,1.6,1.9,0.5,0.2,2.5,0.3,0.7,-
Harry Pell,1.5,1,1.4,0.1,2.4,0.8,0.3,-
Ebou Adams,2.8,1.1,2.2,0.1,1.4,0.7,0.3,-
Tylor Golden,2.3,1.7,1.9,0.1,1.4,0.6,0.1,-
Elijah Adebayo,0.7,0.2,2.3,-,0.8,0.6,0.2,-
Ryan Sweeney,1,1.6,1.2,0.4,4,0.3,0.6,-
James Hanson,-,-,1.4,-,1.2,0.1,0.1,-
John O'Sullivan,1.2,0.6,0.7,-,0.6,0.6,0.2,-
Sam Smith,0.3,0.1,1.7,-,1,0.3,-,-
Matthew Pollock,1.1,1.1,1,0.4,4.8,0.2,0.4,-
Scott Quigley,0.6,0.2,2.2,-,0.4,0.4,0.1,-
Stephen McLaughlin,1.5,1.4,0.7,0.1,1.6,0.5,0.1,-
Luke Norris,0.5,0.2,1.7,-,0.6,0.4,-,-
Charlie Raglan,1.3,1,0.6,0.5,2.4,0.3,0.3,-
Ben Tozer,0.8,0.7,0.2,1,3.3,0.2,0.9,-
Reece Staunton,1.6,1,1.3,-,4.9,0.5,0.3,-
Sam Perry,2.2,1.3,0.8,0.2,1.8,0.8,0.4,-
James Brophy,1.9,0.9,0.6,0.2,1.3,0.6,0.1,1
Brendan Sarpong-Wiredu,3,1.5,2.6,-,1.4,0.4,0.4,1
Cristian Montaño,2,0.7,0.9,0.1,1.6,0.7,0.1,-
George Maris,2.4,1.1,1.1,-,1.3,1.2,0.4,-
Ben Jackson,0.6,0.2,0.2,-,2.2,-,0.6,-
Cole Stockton,0.4,0.2,1.8,-,0.6,0.2,-,-
Eoin Doyle,0.4,0.1,0.7,-,0.4,0.5,0.1,-
Ashley Hunter,0.7,1,0.6,-,0.7,0.8,0.1,-
Joe McNerney,1.5,1,1.2,0.5,5.3,0.6,0.5,-
Tommy Smith,1.1,1.6,0.6,0.5,4.2,0.3,0.9,1
Chris Stokes,1.1,0.9,0.5,0.5,3.7,0.3,0.5,1
Will Smith,1,1,0.6,0.4,4.8,0.4,0.7,-
Ollie Clarke,1.9,0.6,1.2,-,1.4,1,0.3,-
Josh Sheehan,1.5,0.9,0.8,-,1,0.7,0.1,-
Elliot Watt,2.4,1.4,1.3,0.1,1.4,1.3,0.4,-
Liam Sercombe,1.5,0.9,0.6,-,0.4,0.9,0.1,-
Connor Hall,0.9,1.6,0.6,0.4,5.8,0.4,0.9,-
Jay Matete,2.9,1.5,2.1,-,1,1.1,0.2,-
Nathan Smith,1.2,0.9,1,0.3,4.3,0.3,0.5,-
Rollin Menayese,1.4,1.7,1.3,0.2,3.9,0.4,0.8,-
Chris Lines,1.2,1,1,-,0.8,0.7,0.3,-
Sean Long,0.8,0.9,0.7,0.3,2.3,0.2,0.3,1
Joshua McPake,1.7,0.5,1,-,0.5,0.5,0.2,-
Václav Hladky,-,-,-,-,1.3,-,-,-
Matthew Dolan,0.5,0.8,0.4,0.1,3,0.2,0.3,-
George Ray,0.5,1.5,0.5,0.2,2.6,-,0.7,-
Ludvig Öhman,2,2,1.3,0.7,4.7,0.3,1,-
Ian Henderson,0.6,0.5,1.7,-,0.3,0.6,0.1,-
Pierce Sweeney,0.8,1.2,0.6,0.5,3.3,0.2,0.6,-
Tom Clarke,1.8,1.2,1.1,0.1,2.5,0.6,0.3,-
George Nurse,1.2,1.3,0.7,0.2,0.6,0.3,-,-
Ben Garrity,2,1.8,1.1,-,1.9,0.4,0.4,-
Niall Canavan,0.6,1,0.4,0.4,5.8,0.1,1.2,-
Laurie Walker,-,0.2,-,-,0.6,0.1,-,-
Giles Coke,2.2,1.6,1.4,0.1,2.1,0.5,0.2,-
Callum Wright,0.8,0.6,1.3,-,0.4,0.8,-,-
Malvind Benning,1.9,1.3,1.1,0.1,2,0.6,0.3,1
Joshua Key,1.4,0.8,0.7,0.2,1.4,0.5,0.1,-
Cohen Bramall,1.2,0.8,0.8,0.3,2.8,0.6,0.5,-
Kyle Howkins,1,0.5,2.5,1.5,4.5,-,1,-
Conor McAleny,0.4,0.4,0.7,-,0.2,0.3,-,-
Kyle Knoyle,1.2,0.7,0.8,0.1,2.4,0.2,0.3,-
Stephen Quinn,1.3,0.9,0.8,-,0.8,0.8,0.1,-
Ryan Clampin,2.1,1.4,0.6,0.2,1.4,0.3,0.1,-
Liam Kinsella,2.8,2.1,1.6,-,1.6,0.7,0.3,-
Alex Gilliead,2.2,1.4,0.6,-,1,0.8,0.2,-
Liam Gibson,3.2,1.4,1,0.2,2.5,0.5,0.1,-
Sam Hart,2.2,1.4,1.3,0.1,1.6,1,0.4,-
Conor Thomas,2.2,1.3,1.6,0.1,0.6,0.6,0.1,-
David Stockdale,-,-,-,-,0.6,-,-,-
Charlie Carter,1.9,0.9,1.3,-,0.6,0.6,0.1,-
Liam Kitching,1.5,1,1,0.9,3.7,0.2,0.5,-
Luke Waterfall,0.5,1.1,1,0.5,6.5,0.3,0.6,3
Dan Jones,1.6,1.2,1.3,0.1,2.3,0.4,0.2,-
Davis Keillor-Dunn,0.9,0.8,0.6,-,0.7,0.7,0.1,-
Harry Clarke,0.8,2.2,1.2,0.3,4.5,0.3,0.7,1
Tom Parkes,1.1,1.4,0.7,0.5,4.5,0.3,0.4,-
Connor Wood,1.9,1,0.6,0.2,2.2,0.4,0.3,-
Luis Fernandez,1,2,1,-,-,1,3,-
Tom Clifford,2.3,1.1,0.4,0.3,2.3,0.3,0.2,-
Shaun Hobson,1.4,1.5,0.6,0.5,5.1,0.5,0.5,-
Aaron Collins,0.8,0.3,0.7,-,0.3,0.4,0.1,-
Rollin Menayese,1,1.5,1.2,1,4.2,0.3,0.7,-
Mark Beck,0.3,-,1.2,-,0.7,0.1,0.1,-
Joe Cracknell,-,-,-,-,1.3,0.4,-,-
Josh Doherty,0.8,1.3,0.7,0.3,3,0.7,0.3,-
Jon Mellish,1.7,0.6,1.7,-,1.2,0.6,0.1,-
Jamie Turley,1.2,1.6,1,0.3,4,0.3,0.6,-
Gethin Jones,1.4,0.6,0.6,0.1,1.8,0.7,0.4,-
Robbie Cundy,0.7,1.1,0.4,0.5,5.2,0.2,1,-
Cameron Borthwick-Jackson,1,1.7,0.5,0.2,1.9,0.3,0.5,-
Harrison Dunk,1.8,1,0.7,0.1,2,0.5,0.3,-
Kyle Jameson,1.6,1.3,0.8,0.4,3.1,0.3,0.3,-
Callum Harriott,1.1,0.9,1.3,-,0.5,0.7,-,-
Matty Blair,2.1,0.7,0.9,0.2,1.5,0.6,0.1,-
Devante Rodney,0.7,0.3,2,-,0.3,0.3,-,-
Archie Collins,1.1,1.2,0.8,0.1,0.9,0.5,0.3,-
Lawrence Vigouroux,-,-,-,-,0.5,-,-,-
Joel Randall,0.6,0.6,0.4,-,0.4,0.4,-,-
Josh Coulson,0.7,1.1,0.9,0.2,5,0.2,0.7,-
Farrend Rawson,0.6,1.3,1.1,0.3,3.7,0.1,0.6,2
Jay Spearing,2.4,1.4,1.4,-,1.2,0.8,0.7,-
Callum Cooke,1.5,0.4,0.6,-,0.5,0.6,0.1,-
Nathan Ralph,1.7,1.7,0.9,-,2.9,0.3,0.3,-
Carl Winchester,2,0.7,0.9,-,0.6,0.2,0.3,-
Calum MacDonald,2.4,1.3,0.8,0.1,1.3,0.6,0.3,-
Glenn Morris,0.1,-,-,-,1.3,-,-,-
George Francomb,1.3,1,0.8,0.2,2.2,0.5,0.5,-
Nathaniel Knight-Percival,1.7,1.2,1,0.3,4.1,0.6,0.5,1
Kevin Lokko,0.3,2,0.3,-,3,-,0.3,-
Sam Lavelle,1.1,1.1,0.8,0.4,4.1,0.3,0.6,-
Neal Eardley,1.3,1.4,0.6,0.2,1.8,0.3,0.4,-
Alfie McCalmont,1.5,1.3,0.5,-,0.6,1.1,0.1,-
Josh March,0.3,0.2,0.9,-,0.1,0.1,-,-
Declan John,1,0.5,0.5,-,1.2,0.2,-,-
Liam Feeney,0.7,0.4,1.1,-,0.2,0.3,0.1,-
Josh Doherty,1.2,1.8,0.6,-,2.4,0.8,0.2,-
Jack Sparkes,1,0.9,0.8,-,1.2,0.5,0.2,-
Jack Armer,2,1.4,0.7,0.3,1.9,0.5,0.2,-
Josh Kay,1.4,0.4,1.4,-,0.7,0.4,0.1,-
Bobby Thomas,1.3,0.7,0.9,0.3,5.3,0.3,0.7,-
Zak Jules,1.3,1.2,0.9,0.3,3.1,0.3,0.2,-
Kieran Lee,1.8,0.4,1.4,-,0.9,1.2,0.2,-
Daniel Kemp,1.4,0.5,1,-,0.3,0.6,-,-
James Wilson,0.5,0.3,0.5,-,1,0.4,0.1,-
Daniel Happe,1.2,0.9,1.1,0.4,4.9,0.2,0.7,-
Nick Anderton,1.7,1.3,1.2,0.2,2.1,0.3,0.3,-
Ryan Fallowfield,1.2,1.1,0.3,-,2.5,0.5,0.3,-
Liam Shephard,1.7,0.7,0.7,0.2,1.1,0.5,0.3,-
Nathan Ferguson,1.4,0.5,1,-,1.4,0.6,0.4,-
Tom Dallison-Lisbon,1,0.8,1.2,-,2.1,0.1,0.6,1
Joss Labadie,1.9,0.9,3.1,-,0.9,0.4,0.1,-
Calvin Miller,1.8,0.8,1,-,0.2,0.5,0.1,-
Gime Toure,1.2,0.3,1.5,-,0.3,0.3,0.1,-
Luke Hendrie,1.8,0.8,0.9,0.1,2.8,0.4,0.2,-
Jack Iredale,1.6,0.8,0.8,0.1,1.3,0.8,0.2,-
Robbie Gotts,1.7,0.5,0.5,-,0.2,1.3,-,-
Jordan Bowery,0.5,0.1,1.1,-,1,0.2,0.1,-
Alfie May,0.8,0.2,1,-,0.2,0.5,0.1,-
Alex Hartridge,0.7,1.5,0.5,0.4,3.2,0.3,0.3,-
Oscar Threlkeld,1.9,1,1.2,0.1,1.1,0.9,0.3,-
Odin Bailey,1,0.5,0.6,-,0.2,0.5,-,-
Darron Gibson,2.2,0.8,0.4,-,1.6,0.6,0.6,-
Jobi McAnuff,1,0.6,1,-,0.7,0.5,0.3,-
Levi Sutton,2.5,0.7,1.6,-,0.9,1,0.1,-
Jake Eastwood,-,-,-,-,1.3,-,-,-
Danny Rowe,0.4,0.2,1.2,-,0.7,0.3,0.2,-
Luke Hannant,0.8,0.7,0.6,-,0.3,0.5,0.2,-
Max Melbourne,1.4,0.9,0.5,0.2,1.8,0.8,0.1,-
Toumani Diagouraga,1.2,1.1,0.6,-,0.9,0.4,0.2,-
Tom King,-,-,0.1,-,1.1,-,-,-
Jack Muldoon,0.5,0.1,1.4,-,0.2,0.4,0.1,-
Ryan Haynes,0.7,0.9,0.5,0.1,1.2,0.2,0.3,-
Paul Lewis,1.6,0.5,1.8,-,0.7,0.3,-,1
Alfie Beestin,1.7,1.2,0.7,0.1,1.4,1.1,0.2,-
Harry Seaden,-,-,-,-,1,-,-,-
James Pardington,-,-,-,-,-,-,-,-
Adam Thompson,1,1.5,0.8,-,2.7,-,0.7,-
Ian Lawlor,-,-,-,-,1.5,-,-,-
Adam May,1.9,0.7,1.1,-,0.9,0.9,0.3,-
Jordan Clarke,1.5,1.5,1.2,0.3,2.3,0.5,0.5,-
Nicky Adams,1.3,0.7,0.3,0.1,1,0.7,0.2,-
Nathan Delfouneso,0.4,0.2,0.6,-,0.7,0.3,0.1,-
Manny Oyeleke,1.5,0.9,1.3,-,0.9,0.2,0.2,-
Jordan Moore-Taylor,1,1.4,0.8,0.7,1.9,0.5,0.5,-
William Hondermarck,3.3,0.3,0.7,-,0.3,1.3,-,-
Sido Jombati,1.1,2.4,0.9,0.3,2.7,0.2,0.5,-
Lewis Page,1.3,1.2,0.9,0.3,1.9,0.1,0.2,-
Lloyd Kerry,2.6,1.3,2,-,0.8,1,0.2,-
Ben Stevenson,2.4,1.5,0.7,-,1.3,0.8,0.2,-
Simon Power,1.2,0.6,0.7,-,0.1,0.4,0.1,-
Frank Nouble,0.3,0.2,1.1,0.1,1.1,0.3,-,-
Ben Richards-Everton,0.6,1.1,0.7,0.2,6.2,0.2,0.3,-
Mason O'Malley,2.6,1.1,0.7,0.1,2.1,0.8,0.1,-
Paul Coutts,1.9,0.7,0.8,-,0.7,0.5,0.2,-
Simeon Akinola,1,0.4,0.9,-,0.9,0.1,-,-
Ben Coker,1.7,0.8,1,0.1,1.8,0.3,0.1,-
Abo Eisa,0.7,0.6,0.6,-,0.2,0.2,0.1,-
Luke Prosser,0.7,1.2,0.7,0.2,3.4,0.1,0.6,-
Arthur Read,1.3,0.9,0.9,-,0.8,0.8,0.1,-
Jordan Maguire-Drew,1.4,0.2,0.6,0.1,0.4,0.5,-,-
Kelvin Mellor,1.4,1.4,0.8,0.2,1.3,0.4,0.3,-
Lewis Ward,-,-,-,-,1,-,-,-
Lloyd Isgrove,1.2,0.4,0.7,-,0.4,0.5,-,-
Hiram Boateng,1,1,1.1,-,0.7,0.3,0.1,-
Warren Burrell,1.6,0.8,0.9,0.2,3.9,0.5,0.4,-
Tyler Cordner,0.6,1.8,0.5,0.4,4.2,-,0.8,-
Chris Clements,1.1,1.1,0.9,-,0.4,0.6,-,-
Adam Crookes,1.3,0.8,0.7,0.4,2.9,0.5,0.3,-
Aaron Lewis,1.5,1.1,0.8,-,1,0.7,0.2,-
Dimitar Mitov,-,-,-,-,0.7,-,-,-
Randell Williams,0.4,0.5,0.3,-,0.3,0.3,0.1,-
John White,1.2,1.2,0.7,0.5,4.2,0.3,0.5,-
Patrick Brough,1.2,0.8,1,0.2,2.1,0.3,0.3,-
Reeco Hackett-Fairchild,1.4,0.4,0.8,-,1.1,0.6,0.1,-
Tony Craig,0.7,1.2,0.8,0.5,4.7,0.2,0.7,1
Corey O'Keeffe,1.5,0.5,0.5,0.1,0.8,0.3,0.2,-
Dean Gerken,-,-,-,-,1,-,-,-
Matthew Gilks,0.1,-,-,-,0.3,0.1,-,-
Harry Charsley,1.5,0.8,0.6,-,0.8,0.7,0.2,-
Jubril Okedina,1.3,1,0.4,0.4,4.2,0.4,0.4,-
Joe Riley,1.7,0.7,0.9,-,0.8,0.7,0.1,-
Jake Hessenthaler,2.2,0.9,1.3,-,0.9,0.7,0.3,-
Jökull Andrésson,-,-,-,-,0.7,0.1,-,-
George Taft,1,-,4,1,2,-,1,-
Richard O'Donnell,-,-,-,-,0.6,0.1,-,-
Ryan Delaney,2.2,0.2,1.7,0.5,4.1,0.5,0.4,-
Shamal George,-,-,-,-,0.5,-,-,-
James Gibbons,0.9,1.6,1,-,1.7,0.2,0.5,-
MJ Williams,2.3,0.8,2,-,1.9,1.1,0.2,-
Callum Burton,-,-,-,-,1,-,-,-
Kellan Gordon,1.2,0.9,0.9,0.1,1.1,0.4,0.2,-
Calvin Andrew,0.1,0.1,0.7,-,0.2,-,-,-
Marek Stech,-,-,-,-,1,-,-,1
Jake Lawlor,0.7,1.3,0.4,0.3,3.4,0.1,1.1,-
Mat Sadler,0.9,1.1,0.3,0.2,3.6,0.1,0.4,-
Kyle Letheren,-,-,-,-,1.2,-,-,-
Rod McDonald,0.8,1.1,0.7,0.6,3.2,0.1,0.5,-
Ross Marshall,0.9,1.3,0.6,0.2,4,0.1,0.5,-
Lee Novak,0.1,0.1,0.7,-,1.1,0.2,0.1,-
Cameron Norman,1.4,0.8,1.1,0.1,1.1,0.5,0.3,-
Magnus Norman,-,-,0.3,-,1.5,0.3,-,-
Joe Martin,0.6,0.6,0.8,-,3.1,0.1,0.1,-
Alister Crawford,1,0.1,0.6,-,0.2,0.3,0.1,-
Junior Brown,1.4,0.9,1.1,0.5,3,0.9,0.5,-
Jem Karacan,2.7,1.1,1.6,-,1,0.5,0.4,-
Lewis Spence,2,1.4,1.2,-,0.9,0.9,0.2,-
Priestley Farquharson,1.4,1.6,1.1,0.2,2,0.4,0.5,-
Elliot Osborne,1.8,0.3,1,-,0.3,0.5,0.1,-
James Jones,1.1,0.6,0.3,0.4,3.2,0.2,0.3,-
Tom James,1.8,0.5,0.5,-,1,1.3,0.3,-
Omar Sowunmi,0.9,0.5,0.5,0.6,4.2,0.3,0.9,-
Omari Patrick,1,0.4,0.9,-,0.3,0.7,-,-
Ryan Loft,0.5,0.2,1.9,-,0.8,0.3,0.2,-
Tyler Cordner,0.6,0.8,0.6,0.6,3.9,0.1,0.6,1
Dan Sweeney,1.3,0.5,0.8,0.3,2,0.8,0.1,-
Danny Newton,0.6,0.2,1.6,-,0.8,0.3,0.1,-
Frank Vincent,2.2,0.8,0.8,-,1.2,0.3,-,-
Wesley McDonald,1.1,0.4,0.6,-,0.2,0.5,-,-
George Taft,0.6,0.9,0.9,0.4,3.8,0.3,0.8,1
Nick Townsend,-,-,-,-,0.7,0.1,-,-
Scot Bennett,1.6,0.9,1.1,0.1,1.5,0.5,0.4,-
Oliver Banks,1.7,0.9,1.7,-,1.5,0.8,0.2,-
Lewis Thomas,-,-,-,0.1,0.7,-,-,-
Jamie Cumming,-,-,-,-,1.1,-,-,-
Alex Kenyon,1.3,0.7,1.1,0.1,1,0.3,0.5,-
Noah Chilvers,1.4,0.6,1.1,-,1.3,1,0.1,-
Luke Joyce,1.2,1.3,1.1,-,0.9,0.4,0.2,-
Owura Edwards,1.6,0.5,1.4,-,-,0.7,-,-
Otis Khan,1.1,0.4,0.8,0.1,0.5,0.4,0.1,-
Billy Clarke,0.7,0.4,0.5,-,0.6,0.6,-,-
Ed Francis,2.4,1.2,1.1,-,1.5,0.6,0.2,-
Bobby Grant,0.3,0.2,1.2,-,0.5,0.2,0.1,-
Lenell John-Lewis,0.5,0.2,1.8,-,0.6,0.5,0.2,-
Ryan Cooney,2.1,1.3,0.6,0.2,1.1,0.6,0.1,-
Kane Wilson,1.1,0.5,1.1,0.1,0.5,0.3,0.1,-
Charles Vernam,0.8,0.2,0.6,-,0.5,0.3,-,-
Sam Habergham,1.2,0.6,0.3,-,1.8,0.4,0.2,-
Robbie Willmott,0.9,0.3,1.2,-,0.6,0.4,0.1,-
Josh Falkingham,2.5,0.8,1.4,-,1.5,0.9,0.2,-
Jason Lowe,1,1.4,1.1,0.1,0.9,0.4,0.4,-
Craig Clay,1.7,0.8,1.3,0.1,0.7,0.8,0.3,-
Tom Beadling,1.4,0.9,0.9,0.1,1.8,0.4,0.3,-
Thomas Hamer,2.1,1.1,1.1,0.3,2.8,0.6,0.2,-
Kaiyne Woolery,0.6,0.1,1.3,-,0.4,0.3,0.1,-
Udoka Godwin-Malife,1,1.3,0.6,0.6,1.3,0.2,0.4,-
Josh Gordon,1.8,0.4,2.4,-,0.5,1.1,-,-
Harry Davis,0.4,1.3,0.6,0.5,3.9,0.1,0.7,-
Kieron Morris,1.5,0.5,0.8,-,0.5,0.5,0.1,-
Clayton Donaldson,0.5,0.1,0.8,-,0.4,0.1,-,-
Harry Lennon,1,2.2,1.3,1.1,6,-,0.6,1
Jacob Bedeau,1.1,1.3,0.8,0.5,3.8,0.4,1,1
Harry Darling,0.9,0.7,1.1,0.8,4.2,0.6,0.8,-
Elliott List,1,0.5,1.7,-,0.3,0.3,-,-
Connor Brown,1.9,0.8,1.4,0.1,1.2,0.4,0.2,-
Ashley Nathaniel-George,1,0.4,0.8,-,0.4,0.7,-,-
Lewis Hardcastle,1.8,0.1,1.3,-,0.1,1.1,-,-
George Blackwood,0.5,0.3,1.2,-,0.2,0.4,-,-
Lewis Alessandra,0.4,0.3,1,-,0.2,0.3,-,-
Tunji Akinola,1.5,0.8,0.4,0.3,2.6,0.2,0.5,-
Laurence Bilboe,-,-,-,-,0.7,-,-,-
Kgosi Ntlhe,1.2,0.8,0.6,0.2,2.5,0.3,0.2,-
Bradley Barry,0.9,0.6,0.9,0.2,1.9,0.3,0.3,-
Andy Cook,0.4,-,1.2,-,0.8,0.3,0.2,-
Kyle Bennett,2.3,0.5,1.2,-,0.5,0.7,-,-
Joe Murphy,-,-,0.1,-,0.7,-,-,-
James Belshaw,-,-,-,-,0.8,0.1,-,-
Mark Halstead,-,-,-,-,0.6,-,-,-
Miles Welch-Hayes,1.3,0.7,0.7,0.3,2.5,0.4,0.3,-
Jack Young,2.4,1.2,0.8,-,1,2,0.2,-
David Amoo,1,0.1,0.8,-,0.3,0.1,0.1,-
Danny Preston,1.1,1.5,0.7,0.2,2.4,0.3,0.4,-
Courtney Senior,1.4,0.7,0.6,-,0.5,0.7,-,-
Jamie Reid,0.6,0.1,1.3,-,0.1,0.2,-,-
Jevani Brown,0.5,0.3,1,-,0.4,0.3,-,-
Liam O'Neil,0.9,0.2,0.8,-,0.9,0.5,0.1,-
Liam Roberts,-,-,0.1,-,0.5,-,-,-
Tom Leak,1,0.3,0.2,0.3,3.2,0.2,0.5,-
Harry Clifton,1.1,1.1,1.1,0.1,1.9,0.7,0.3,-
Evan Khouri,2.8,1.3,1.7,-,1.3,0.8,0.3,-
Emmanuel Monthe,0.9,0.6,0.8,0.3,2.7,0.2,0.6,-
Scott Davies,-,-,-,-,0.5,-,-,-
Nick Tsaroulla,1.4,0.3,0.9,0.1,1.7,0.6,0.3,-
Raphael Diarra,1.2,1.5,1.7,-,3.1,0.2,0.8,-
Mitchell Clark,1.5,1.2,0.9,0.4,1.1,0.7,0.3,-
Rory Watson,-,-,-,-,0.8,-,-,-
Jason Demetriou,1.6,0.8,1.1,0.1,1.3,0.9,0.2,1
Jamie Devitt,1.4,0.6,0.5,-,0.5,0.5,0.1,-
Sam Ling,1,0.7,0.4,0.1,2.4,0.4,0.5,1
Andrew Tutte,1.7,0.9,0.6,-,0.6,0.9,0.1,-
Richard Towell,0.5,0.5,0.9,-,0.4,0.5,-,-
Andy Williams,0.3,0.2,0.6,-,0.4,0.2,-,-
Joel Dixon,-,-,-,-,0.9,-,-,-
Luke Burgess,1.1,0.4,0.5,-,0.4,0.2,0.1,-
Scott Brown,-,-,-,-,0.3,-,-,-
Emmanuel Osadebe,1.1,0.2,0.7,-,0.5,0.3,0.1,-
Jon Stead,0.2,0.2,1.1,-,0.5,0.2,0.1,-
Elvis Bwomono,1.6,1.1,0.4,0.3,2,0.3,0.2,-
George Thomason,1.7,0.5,0.9,-,0.9,0.9,0.3,-
Marcel Hilßner,0.7,0.3,0.9,-,0.3,0.8,-,-
James Clarke,0.3,0.6,0.7,0.4,3,0.1,0.7,-
Lee O'Connor,1.2,0.8,0.4,0.1,1.7,0.5,0.2,-
Hector Kyprianou,1.3,0.5,0.7,-,1.2,0.5,0.5,-
Archie Davies,1.4,0.6,0.4,0.1,1.1,0.6,0.2,-
Tyreik Wright,0.9,0.4,0.6,-,0.4,0.6,-,-
Ousseynou Cissé,0.9,0.8,0.9,-,1.6,0.4,0.2,-
David Fitzpatrick,1.1,0.7,0.5,0.1,1.5,0.2,0.1,1
Jason Law,1.1,0.8,1.7,-,0.4,0.4,0.1,-
Chris Taylor,1.5,0.4,0.7,-,0.9,0.4,0.2,-
Tom Pope,0.2,0.1,1.2,-,0.6,0.1,0.1,-
Joe Widdowson,0.9,0.9,0.8,0.3,2.1,0.2,0.4,-
Grant Horton,-,1,-,-,-,-,1,-
George Lloyd,1,0.4,1.3,-,0.3,0.3,-,-
Tyler French,0.8,0.9,0.9,-,1.9,0.4,0.2,-
Gareth Evans,0.9,0.3,1.2,-,0.6,0.5,-,-
Harrison McGahey,0.3,0.9,0.5,0.3,2.8,0.1,0.6,-
Brennan Dickenson,1.3,0.4,1.5,0.1,0.5,0.2,0.2,-
Joshua Griffiths,-,-,-,-,0.7,0.1,-,-
Lewis Freestone,1.1,0.8,0.6,0.4,1.1,0.3,0.2,-
Dean Furman,1.2,0.8,0.5,-,0.6,0.3,0.1,-
James Montgomery,-,-,-,-,0.8,-,-,-
Owen Windsor,0.8,0.4,1.3,-,0.1,0.5,-,-
Mark Howard,-,-,-,-,0.9,-,-,-
James Olayinka,0.9,0.7,1,-,0.6,0.5,0.2,-
Sam Matthews,1.2,0.4,0.9,-,0.3,0.9,-,-
Brandon Thomas-Asante,0.5,0.2,1.4,-,0.2,0.2,0.1,-
Danny Johnson,0.2,-,1.3,-,-,0.1,0.1,-
Elliott Whitehouse,0.9,0.8,1.1,-,1,0.7,0.1,-
Finn Cousin-Dawson,1.5,1.1,1.1,-,1.4,0.5,-,-
Liam Ridehalgh,0.7,0.9,0.5,-,1.2,0.2,0.2,-
Tyler Frost,1.2,0.2,0.5,-,0.3,0.4,0.1,-
James Tilley,1.3,0.4,0.6,-,0.3,0.4,-,-
Arthur Gnahoua,0.7,0.1,0.4,-,0.6,0.3,0.1,-
Harrison Biggins,0.5,0.5,0.5,-,0.6,0.3,-,-
Jack Smith,1.6,0.9,0.5,-,0.6,0.4,-,-
Finn Azaz,1.1,0.2,0.7,-,0.3,0.5,-,-
James McKeown,-,-,-,-,1.3,-,-,1
Jamie Proctor,0.1,0.2,1.3,-,0.4,0.3,0.1,-
Luke James,0.3,0.2,0.3,-,0.3,0.1,-,-
Kurtis Guthrie,0.4,0.2,1.5,-,0.5,0.1,0.1,-
Jake Hesketh,2.2,0.3,1.6,-,0.2,0.7,0.1,-
Scott Wagstaff,0.8,0.4,1,-,0.4,0.3,-,-
Romain Vincelot,1.3,1.1,0.9,-,1.3,0.3,0.1,-
Idris El Mizouni,1.2,0.1,0.7,0.1,-,0.2,0.1,-
Jordan Slew,0.2,0.3,0.6,-,0.2,0.1,-,-
Hayden White,1.5,0.9,1.4,0.1,1.6,0.3,0.4,-
George Williams,0.3,0.3,0.7,-,0.2,0.2,0.1,-
Harry Pritchard,0.4,0.4,0.6,-,0.8,0.3,0.3,1
Elliott Hewitt,1.1,1.3,1.2,0.5,2.1,0.3,0.2,-
Daniel Devine,0.8,0.5,0.6,0.3,0.7,0.4,0.1,-
Jack Aitchison,1,0.3,0.9,-,0.2,0.3,-,-
Lee Angol,1,0.2,2.7,-,0.3,0.4,0.3,-
Offrande Zanzala,0.3,0.1,2.2,-,0.4,0.1,-,-
Dylan Fage,1.4,0.7,1,0.1,0.9,0.8,0.1,-
Anthony Hartigan,0.9,0.4,0.4,-,0.4,0.7,0.1,-
Jake Young,0.2,0.1,0.6,-,0.1,0.1,0.1,-
Brice Ntambwe,1.4,1,1.2,0.1,1.8,0.5,0.3,-
Arthur Iontton,1.5,1.5,1,-,1,-,-,-
Aramide Oteh,0.5,0.4,1.2,-,0.1,0.3,0.1,-
Jordan Green,1.3,0.7,-,-,0.3,1.7,0.3,-
Tyrese Sinclair,0.3,0.2,0.7,-,-,0.4,-,-
Danny Rose,1.7,1.1,1.1,-,1,1.2,0.2,-
Nicky Maynard,0.3,0.1,0.4,-,0.2,0.1,-,-
James Morton,1,1.1,0.1,0.1,1,0.3,0.1,-
Luke Norris,0.4,0.1,1,-,0.8,0.2,0.2,-
Stephen Hendrie,1.4,0.7,0.9,0.2,1.3,0.3,0.2,-
Jason Taylor,1.3,0.8,1.4,-,0.8,0.9,0.1,-
Paul Farman,-,-,-,-,1.1,0.1,-,-
Kwame Poku,1.1,0.2,1,-,0.2,0.7,-,-
Dominic Bernard,1.3,1,0.9,0.2,1.1,0.3,0.3,-
Kevin van Veen,0.6,0.2,0.8,-,0.4,0.5,0.2,-
Elliott Bonds,1.6,0.4,0.8,-,0.2,0.4,-,-
Idris El Mizouni,2.3,0.8,1.3,-,0.5,1.2,-,-
Luke McGee,-,-,-,-,1,0.1,-,-
Terry Taylor,1.5,0.5,1.2,0.1,1.2,0.9,0.1,-
A-Jay Leitch-Smith,0.4,0.2,1,-,-,-,-,-
Reiss Greenidge,2.4,-,1.6,0.4,1.4,0.2,0.2,-
Bryce Hosannah,0.8,0.5,0.5,0.3,0.9,-,0.1,-
Jordan Barnett,1.5,0.4,0.6,-,0.8,0.5,0.1,-
Duncan Idehen,0.5,1.5,0.7,0.7,3,0.3,0.2,-
Ashley Nadesan,0.6,0.1,1.4,-,0.1,0.4,-,-
Kyle Taylor,1.2,0.6,0.5,-,0.7,0.5,0.2,-
Zak Mills,1.2,1.2,0.7,0.1,1.4,0.6,0.4,-
Jai Rowe,0.8,0.8,0.4,0.2,1.6,0.2,-,-
Jack Evans,3,-,-,1,-,1,-,-
Ryan Taylor,0.1,-,1,-,0.6,0.1,0.1,-
Sam Hornby,-,-,0.1,-,0.3,0.1,-,-
Josh Wright,1.3,0.5,1.2,-,1.2,0.6,0.4,-
Shilow Tracey,0.7,0.1,0.5,-,0.2,0.2,0.1,-
Alan McCormack,0.7,0.8,1.3,0.1,0.9,0.5,0.1,-
Freddie Price,0.9,0.1,0.5,-,0.3,0.4,-,-
Michael Folivi,0.3,0.2,0.8,-,0.1,0.2,-,-
Julien Lamy,0.9,0.1,1.1,-,0.1,0.6,-,-
Remeao Hutton,1.3,0.5,0.7,0.3,1.4,0.2,0.2,-
Callum Whelan,0.7,0.9,0.5,-,0.7,0.7,0.3,-
Mark Oxley,0.1,-,-,-,0.8,-,-,-
Ellis Chapman,1.4,0.7,0.8,-,0.4,0.2,0.1,-
Max Hunt,1,-,0.5,1,2,-,0.5,-
Filipe Morais,0.5,0.4,0.6,-,0.8,0.6,0.1,-
David Longe-King,1.4,0.3,0.3,0.4,2.8,0.1,0.5,-
John McAtee,1.3,0.4,0.5,-,0.2,0.2,0.1,-
Harry Kyprianou,1.4,1.2,0.2,0.2,1.4,1,-,-
Marcus Dinanga,0.2,0.3,0.5,-,0.7,0.7,0.2,-
Luke Spokes,1.1,0.4,1.1,0.1,1.1,0.7,0.1,-
George Hornshaw,1.4,1.6,0.6,0.1,2.6,1,0.1,-
Nigel Atangana,0.9,0.9,0.8,-,0.7,0.3,0.1,-
Padraig Amond,0.2,0.1,0.3,-,0.4,0.3,-,-
Ajibola Alese,2.5,1,-,-,1.5,0.5,-,-
Corey Blackett-Taylor,0.3,0.1,0.6,-,-,0.1,-,-
Lewis Collins,0.3,0.2,1,-,0.1,0.4,-,-
Jordan Maguire-Drew,0.3,0.1,0.2,-,0.2,0.2,-,-
Luke Gambin,0.2,-,0.4,-,-,0.3,0.1,-
Sam Hird,1.4,0.5,1,0.1,3.3,0.3,0.3,-
Oliver Crankshaw,1.5,0.6,1.3,0.1,0.2,0.4,-,-
Zachary Dearnley,0.1,-,0.6,-,-,0.1,-,-
Richard Taylor,0.9,1.5,0.7,-,1.5,0.1,0.8,-
Myles Hippolyte,0.8,1.1,0.8,-,1,0.6,0.2,-
Dannie Bulman,0.8,0.7,0.7,-,0.7,1.5,-,-
Caolan Lavery,0.5,0.1,1.1,-,0.2,0.3,0.1,-
Taylor Allen,1.4,0.6,-,0.2,1,0.6,0.2,-
Terrell Egbri,1,0.3,0.9,-,0.3,0.6,-,-
Tom Lapslie,1.5,0.7,0.4,-,1.2,0.7,0.1,-
Harry Brockbank,0.7,0.6,0.9,-,2.1,0.7,0.1,-
Ricky Holmes,0.9,0.4,1.2,-,0.4,0.1,0.1,-
Josh Davison,0.1,-,0.5,-,0.2,0.2,-,-
Andrea Badan,1.4,1.2,0.8,0.1,1.2,0.5,0.3,-
Tom Elliott,0.3,-,1.3,-,0.8,0.1,0.1,-
Tom White,0.7,0.1,0.4,-,1,0.4,0.3,-
Liam Gordon,1,0.2,0.3,0.1,0.7,0.4,0.2,-
Callum Cockerill-Mollett,0.5,0.6,1,0.1,1.1,-,0.3,-
Greg Halford,0.2,0.3,1.4,0.1,0.8,0.2,0.3,-
Stuart Sinclair,0.7,0.8,0.7,0.1,0.5,0.2,0.3,-
Brendan Kiernan,0.5,0.4,1,-,0.3,0.3,-,-
Joe Adams,0.3,0.2,0.2,-,0.2,0.3,-,-
Mark Ellis,0.5,0.8,0.7,0.5,2.5,0.2,0.5,-
Jake Caprice,0.9,0.4,0.2,0.1,0.4,0.1,0.3,-
Matt Stevens,0.1,-,-,-,0.2,0.1,-,-
Nicky Maynard,0.4,0.1,0.8,-,0.1,0.5,0.1,-
Stuart Nelson,-,-,-,-,-,-,-,-
Jon Maxted,0.1,-,0.1,-,1,0.1,-,-
Nicky Law,0.4,-,0.7,-,0.2,0.4,-,-
Frank Vincent,1.4,0.3,1,-,0.3,0.5,0.3,-
Nick Freeman,0.4,0.5,0.1,-,0.6,0.3,-,-
David Sesay,0.6,0.7,0.4,-,0.8,0.4,0.2,-
Will Dean,0.5,1,1,-,2,-,-,-
Alex Hurst,0.7,0.6,0.8,-,0.2,0.2,-,-
Alex Denny,0.4,0.6,1.1,-,0.8,0.9,0.3,-
Devarn Green,0.5,0.5,0.6,-,0.3,0.1,0.1,-
Kurtis Guthrie,0.4,-,2,-,0.3,0.3,0.1,-
Luke Gambin,0.7,0.4,1.3,-,0.4,0.5,0.1,-
Josh March,0.8,-,0.8,-,0.5,-,0.3,-
Danny Lloyd,0.7,0.2,0.9,-,0.1,0.4,-,-
Robbie Willmott,0.6,0.3,0.4,0.1,0.5,0.3,0.2,-
Jamie Devitt,0.1,0.1,0.1,-,0.1,0.3,-,-
Matt Green,0.1,0.1,1.5,-,0.1,0.3,-,-
Louis Dennis,0.5,0.4,1,-,0.3,0.4,0.1,-
Harvey Knibbs,0.6,0.2,0.7,-,-,0.2,-,-
Dion Donohue,1.3,0.5,0.8,-,-,0.5,0.5,-
Brad Lyons,0.9,0.4,0.6,-,0.2,0.2,0.1,-
Alex Bass,-,-,-,-,-,-,-,-
Alister Crawford,0.7,0.2,0.2,-,0.1,0.3,-,-
Jayden Richardson,0.5,0.3,0.3,0.1,0.5,0.2,0.1,-
Emile Acquah,0.3,0.1,1.1,-,0.6,0.2,0.1,-
Scott Burgess,0.9,0.4,0.6,-,0.5,0.5,0.2,-
Jake Taylor,0.5,0.3,0.5,-,0.7,0.3,-,-
George Boyd,1.3,0.5,0.5,-,0.1,0.1,-,-
Connor Kirby,1.6,0.7,1.2,-,0.8,0.7,0.1,-
Will Swan,0.2,0.1,0.5,-,-,0.1,-,-
Jake Taylor,0.8,0.4,0.5,-,0.2,0.2,0.1,-
Kevin Ellison,0.2,0.2,0.1,-,0.4,-,-,-
Dior Angus,0.2,-,0.8,-,0.1,-,-,-
Saikou Janneh,0.4,0.1,1.3,-,0.1,0.9,-,-
Tristan Abrahams,0.2,0.1,0.9,-,0.3,0.3,-,-
Liam McAlinden,0.5,0.2,0.4,-,0.2,0.2,-,-
Femi Akinwande,1,0.3,1.4,-,0.1,0.4,-,-
Jay Williams,1,0.7,1.3,0.1,0.7,0.6,-,-
Owen Windsor,-,-,-,-,-,-,1,-
Matt Rush,1.3,-,0.1,-,0.1,0.3,-,-
Taylor Charters,0.7,0.4,0.6,-,0.2,-,-,-
Jak Hickman,1,-,0.5,-,0.3,0.5,-,-
Teddy Howe,0.7,0.5,1.2,0.1,1.1,0.4,0.3,-
Dylan Mottley-Henry,1,0.3,0.9,-,0.3,0.3,-,-
Jamie Mascoll,0.3,0.6,0.1,0.1,0.7,0.6,-,-
Danny Walker-Rice,-,-,-,-,-,-,-,-
Jack Nolan,0.4,0.1,0.4,-,0.3,0.2,-,-
Scott Wilson,0.7,0.3,0.8,0.2,3.2,0.1,0.3,-
Oliver Banks,0.3,0.6,0.8,-,0.4,0.7,0.2,-
Alfie Bates,0.9,0.7,0.7,-,0.4,0.4,0.1,-
James Tilley,0.6,0.3,0.9,-,0.1,0.8,0.1,-
Nathan Ferguson,0.9,0.4,1.3,-,0.4,0.3,0.1,-
Keaton Ward,1.6,0.4,0.1,-,0.7,0.1,-,-
Aidan Stone,-,-,-,-,0.5,-,-,-
Shaun Miller,0.2,0.1,0.1,-,0.2,0.2,-,-
Yoan Zouma,1.8,1,2.8,0.8,3,0.3,0.3,-
Miquel Scarlett,2,0.7,1,-,1.3,1,0.7,-
Jake Scrimshaw,0.3,0.3,0.6,-,0.2,0.3,-,-
Dominic Telford,0.1,-,0.1,-,0.1,-,-,-
Inih Effiong,0.2,-,1.6,-,0.3,0.1,-,-
Jack Rose,-,-,0.1,-,0.3,-,-,-
Alex Fisher,0.1,0.1,0.5,-,0.5,0.1,0.1,-
Tom Sang,0.6,0.3,0.5,-,0.3,0.1,-,-
Jordan Hallam,0.3,0.2,0.2,-,0.2,0.2,-,-
David Nugent,0.3,-,0.9,-,0.3,0.1,-,-
Sid Nelson,0.3,0.3,1.4,-,1.8,-,0.2,-
Montel Gibson,0.4,0.2,1.2,-,0.1,0.2,-,-
Morgan Ferrier,0.4,-,1.4,-,-,0.1,0.1,-
Tom Pugh,2,-,1,-,-,-,-,-
Jake Scrimshaw,0.4,-,0.1,-,0.3,0.1,-,-
Nicky Ajose,-,0.3,-,-,-,-,-,-
Bruno Andrade,0.3,0.1,0.8,-,0.1,0.1,-,-
Theo Robinson,0.1,0.1,1.1,-,0.1,0.1,-,-
Jake Turner,0.1,-,-,-,0.6,-,-,-
Bright Amoateng,1,1,1,-,-,-,-,-
Joe Ledley,-,0.5,0.5,-,1,-,0.3,-
Paris Cowan-Hall,0.7,0.4,0.8,-,0.4,0.2,0.1,-
Danny Guthrie,0.9,0.3,0.5,0.1,0.4,0.2,-,-
Ruel Sotiriou,0.1,0.2,0.7,-,0.1,0.4,-,-
Danny Whitehead,0.7,0.2,0.7,-,0.5,0.3,0.1,-
Nya Kirby,0.8,0.5,0.5,-,-,-,-,-
Leon Davies,0.4,0.4,0.2,-,0.5,0.1,0.1,-
Mackenzie Chapman,-,-,-,-,-,-,-,-
Nile Ranger,-,-,-,-,2,-,-,-
Jack Roles,0.5,-,1,-,-,-,-,-
Jack Hindle,0.5,-,0.5,-,-,1,-,-
Stefan Payne,0.4,0.2,1.5,-,0.2,0.3,0.1,-
Mark Cullen,0.2,0.1,1,-,0.1,0.1,-,-
Jayden Reid,1,-,1,-,-,-,-,-
Josh Wright,0.2,0.4,0.7,-,0.6,0.3,0.1,-
Tom Walker,0.6,0.1,0.4,-,-,0.1,0.1,-
Zeli Ismail,1,-,1.3,-,-,0.3,-,-
Matt Stevens,0.4,0.1,0.4,-,0.2,0.1,-,-
Sam Ashford,0.9,0.6,0.9,-,0.3,0.4,-,-
Jaden Charles,-,0.5,-,-,-,0.5,-,-
Josh Dixon,0.5,0.5,-,-,0.5,0.5,-,-
Ben Seymour,0.2,-,0.3,-,0.2,-,-,-
Ira Jackson Jr,0.7,0.1,1.1,-,0.1,0.4,0.1,-
Reuben Reid,0.1,-,0.3,-,-,0.1,0.1,-
Aaron Jarvis,0.4,-,1.1,-,0.5,0.2,0.1,-
Jordan Thomas,1,-,-,-,-,2,-,-
Michael Klass,1.5,0.5,1,-,1,-,-,-
Davide Rodari,-,-,0.8,-,0.2,-,-,-
Serhat Tasdemir,0.4,0.3,0.8,-,-,-,-,-
Jayden Reid,0.6,-,0.4,-,0.1,0.2,0.1,-
Brandon Comley,0.6,0.5,2.1,0.3,0.3,0.7,0.1,-
Joshua Bohui,0.2,0.1,0.2,-,0.2,0.2,-,-
Tyrone Marsh,0.6,0.5,0.3,-,0.4,0.6,-,-
Luke Armstrong,0.5,-,0.5,-,-,-,-,-
Tarryn Allarakhia,0.3,0.2,0.4,-,0.6,0.2,-,-
Ben Pringle,0.3,0.4,0.2,-,0.4,0.5,-,-
Sean Scannell,0.4,0.3,0.4,-,0.1,0.2,-,-
Mace Goodridge,1,-,1,-,-,0.5,-,-
Brandon Goodship,0.2,0.2,0.1,-,0.4,0.1,0.1,-
Alex Denny,0.3,0.2,0.8,-,0.2,0.3,0.2,-
Isaac Hutchinson,0.5,0.1,0.9,-,0.1,0.3,-,-
Alfie Williams,-,-,1,-,-,-,-,-
Aramide Oteh,0.3,0.2,0.8,-,-,0.2,-,-
Ashley Baker,0.3,0.3,0.3,-,0.8,-,0.3,-
Kazaiah Sterling,0.8,0.2,0.8,-,0.3,0.4,0.1,-
Dimitri Sea,0.5,-,-,-,-,-,-,-
Joe Bunney,1.2,0.8,1.4,0.2,0.8,0.6,0.2,-
Kian Scales,0.4,0.2,0.6,-,0.2,0.4,-,-
Jake Burton,-,0.5,0.5,-,-,-,-,-
Sam Smith,0.6,0.2,1,-,0.2,0.6,-,-
Virgil Gomis,0.2,-,0.4,-,-,-,0.2,-
Ethan Walker,0.1,-,0.3,0.1,0.1,0.1,-,-
Marcus Maddison,0.3,0.6,0.4,-,-,0.8,-,-
Junior Tchamadeu,1,0.5,0.9,0.5,1,0.3,-,-
Emmanuel Dieseruvwe,0.1,0.1,0.7,-,0.1,0.1,-,-
Gavin Reilly,0.3,0.1,0.9,-,-,0.1,-,-
James Dayton,0.1,-,0.6,-,0.2,0.1,-,-
Billy Crellin,-,-,0.1,-,1.5,-,-,1
Jordan Stevens,0.7,0.1,0.3,-,0.2,0.3,-,-
Harry Phillips,-,-,-,-,-,1,-,-
Martin Smith,0.3,0.3,0.5,-,-,-,0.3,-
Marcus Barnes,0.1,-,0.8,-,0.1,0.5,-,-
Mitchell Roberts,0.5,0.8,0.8,0.3,3.3,0.3,0.5,-
Josh Andrews,-,-,0.3,-,-,-,-,-
Matthew Foulds,0.7,-,-,-,-,-,-,-
Luis Adlard,-,-,-,-,-,-,-,-
Harry Vaughan,0.3,0.2,0.3,-,-,0.3,-,-
Zak Elbouzedi,0.2,0.1,0.3,-,0.2,0.3,-,-
Oliver Sarkic,-,0.8,-,-,-,0.3,-,-
Louis Boyd,-,-,-,-,-,-,-,-
Luke Hallett,-,-,1,-,-,-,-,-
Harry McKirdy,0.8,0.1,1.1,-,0.1,0.3,-,-
Indiana Vassilev,0.2,-,0.1,-,-,0.1,-,-
Stefan Payne,0.3,-,0.8,-,-,-,0.3,-
Charlie Kelman,-,-,0.3,-,0.3,-,0.3,-
Eren Kinali,-,-,1,-,-,-,-,-
Harvey Sayer,0.3,-,-,-,-,-,-,-
Jack Evans,0.5,-,-,-,-,-,-,-
Austin Samuels,0.1,0.3,0.5,-,0.1,-,-,-
Mustapha Olagunju,-,1.2,0.5,-,0.8,-,0.5,-
Sammie McLeod,-,-,-,-,-,-,-,-
Shawn McCoulsky,-,-,0.5,-,-,-,-,-
Louis Walsh,0.2,-,0.8,-,-,0.2,-,-
Alex Addai,0.3,-,0.3,-,0.1,-,-,-
Derick Osei Yaw,0.5,0.2,0.9,-,-,0.2,-,-
Joseph Starbuck,0.3,-,0.5,-,-,0.2,-,-
Alhagi Sisay,-,-,1,-,1,-,-,-
Jacob Mellis,-,-,1,-,-,0.3,-,-
Jayden Sweeney,-,-,-,-,-,-,-,-
Tristan Abrahams,0.2,-,0.4,-,-,0.1,-,-
Ronan Darcy,0.1,-,0.8,-,0.1,0.4,-,-
Harry Kite,-,-,1,-,0.3,-,0.3,-
Jahmal Hector-Ingram,-,-,-,-,-,-,-,-
Oliver Coker,-,-,-,-,-,-,-,-
Junior Luamba,0.5,-,-,-,-,0.5,-,-
Harry Jessop,-,-,0.7,-,0.3,-,-,-
Billy Cracknell,-,-,-,-,-,-,-,-
Jackson Longridge,-,0.5,-,-,-,-,-,-
Joe Willis,-,-,-,-,-,-,-,-
Joey Jones,-,-,-,-,-,-,-,-
Lewis Bell,-,-,-,-,1,-,-,-
Marley Marshall,-,-,-,-,-,-,-,-
Thomas Stagg,-,-,-,-,-,-,-,-
Micah Obiero,-,-,0.3,-,-,-,-,-
Connor Malley,-,-,-,-,-,-,-,-
Cedwyn Scott,0.1,0.1,0.3,-,-,0.1,-,-
Charlie Jolley,0.5,-,-,-,-,-,-,-
Jordan Dyer,-,-,-,-,-,-,-,-
Olufela Olomola,0.2,-,0.8,-,-,-,-,-
Mikael Ndjoli,-,-,-,-,-,-,-,-
Jorge Sikora,2,-,1,1,2,-,-,-
Lewis Butroid,-,-,-,-,-,-,-,-
Rob Howard,0.5,-,1,-,-,-,-,-
Matt Young,-,-,-,-,-,-,-,-
Kenny Coker,0.5,-,0.5,-,-,-,-,-
Scott Flinders,-,-,-,-,0.5,-,-,-
Andrew Dallas,-,-,2,-,-,-,-,-
Daniel Bramall,-,-,0.3,-,-,0.3,-,-
Rumarn Burrell,-,-,1,-,-,-,-,-
Callum Gribbin,-,-,1,-,-,-,-,-
Jake Wright,-,0.5,0.5,-,-,0.5,-,-
Will Sutton,1,-,1,-,1,1,-,-
Kenan Dunnwald-Turan,0.4,-,1.8,-,0.2,0.2,-,-
Finlay Hurford-Lockett,-,-,1,-,-,-,-,-
Sam Russell,-,-,0.2,-,0.8,-,-,-
Ricardo German,-,-,1,-,-,-,-,-
Lewis Gard,0.3,-,0.3,-,0.3,-,0.3,-
Mark Wright,1,-,-,-,4,1,1,-
Bilel Mohsni,-,-,2,-,-,-,-,-
Isaac Hutchinson,1.5,2.5,1.5,-,2,0.5,-,-
Alistair Smith,-,-,-,-,-,-,-,-
Aaron O'Driscoll,1,0.3,0.7,-,1.3,-,-,-
